vehID,depart,from,to,arrival,arrival_speed,type
r_axs_tun_aEr_eGo_1_car_aggr4.0,5691.26,lane_entry_C,lane_exit_B,5762.44,14.35,car_aggr4
r_luz_tun_aAm_eGo_1_car_aggr3.0,7977.39,lane_entry_C,lane_exit_B,8073.11,12.98,car_aggr3
r_luz_tun_aAm_eGo_1_big_truck.0,8203.64,lane_entry_C,lane_exit_B,8316.35,10.1,big_truck
r_axs_tun_aEr_eGo_1_car_aggr3.0,9103.28,lane_entry_C,lane_exit_B,9194.73,12.15,car_aggr3
r_axs_tun_aEr_eGo_1_small_truck.0,9372.41,lane_entry_C,lane_exit_B,9473.79,11.19,small_truck
r_luz_tun_aAm_eGo_7_car_aggr3.0,28081.84,lane_entry_C,lane_exit_B,28190.7,10.74,car_aggr3
r_luz_tun_aAm_eGo_7_car_aggr1.1,28316.46,lane_entry_C,lane_exit_B,28412.55,11.49,car_aggr1
r_luz_tun_aAm_eGo_7_car_aggr1.0,28484.45,lane_entry_C,lane_exit_B,28595.69,9.58,car_aggr1
r_luz_tun_aAm_eGo_7_car_aggr3.1,28488.64,lane_entry_C,lane_exit_B,28599.73,11.32,car_aggr3
r_luz_tun_aEr_eGo_7_car_aggr3.0,28496.98,lane_entry_C,lane_exit_B,28603.61,13.26,car_aggr3
r_luz_tun_aAm_eGo_7_car_aggr1.2,28839.74,lane_entry_C,lane_exit_B,28944.64,10.2,car_aggr1
r_luz_tun_aAm_eGo_7_car_aggr2.0,28844.92,lane_entry_C,lane_exit_B,28949.49,12.76,car_aggr2
r_luz_tun_aAm_eGo_7_small_truck.0,29174.24,lane_entry_C,lane_exit_B,29265.63,11.47,small_truck
r_luz_tun_aAm_eGo_7_car_aggr1.3,29305.3,lane_entry_C,lane_exit_B,29414.62,9.95,car_aggr1
r_luz_tun_aEr_eGo_7_car_aggr3.1,29309.52,lane_entry_C,lane_exit_B,29418.81,11.57,car_aggr3
r_luz_tun_aAm_eGo_7_car_aggr2.1,29739.79,lane_entry_C,lane_exit_B,29859.77,8.79,car_aggr2
r_luz_tun_aEr_eGo_7_car_aggr2.0,29745.06,lane_entry_C,lane_exit_B,29864.69,11.45,car_aggr2
r_luz_tun_aEr_eGo_7_small_truck.0,29748.54,lane_entry_C,lane_exit_B,29868.56,11.1,small_truck
r_luz_tun_aEr_eGo_7_small_truck.1,29890.61,lane_entry_C,lane_exit_B,29993.74,10.18,small_truck
r_luz_tun_aAm_eGo_7_car_aggr1.4,29897.07,lane_entry_C,lane_exit_B,30000.13,12.9,car_aggr1
r_luz_tun_aAm_eGo_7_big_truck.0,29962.34,lane_entry_C,lane_exit_B,30066.7,10.43,big_truck
r_luz_tun_aAm_eGo_7_car_aggr5.0,29965.76,lane_entry_C,lane_exit_B,30069.99,11.84,car_aggr5
r_luz_tun_aAm_eGo_7_small_truck.1,30051.62,lane_entry_C,lane_exit_B,30154.18,12.08,small_truck
r_luz_tun_aAm_eGo_7_car_aggr4.0,30055.31,lane_entry_C,lane_exit_B,30158.44,11.06,car_aggr4
r_luz_tun_aEr_eGo_7_car_aggr5.0,30354.53,lane_entry_C,lane_exit_B,30432.99,13.27,car_aggr5
r_luz_tun_aEr_eGo_7_car_aggr5.1,31168.93,lane_entry_C,lane_exit_B,31270.12,14.15,car_aggr5
r_luz_tun_aEr_eGo_7_small_truck.2,31173.47,lane_entry_C,lane_exit_B,31274.14,13.9,small_truck
r_axs_tun_aAm_eGo_8_car_aggr3.0,31177.67,lane_entry_C,lane_exit_B,31278.67,12.45,car_aggr3
r_luz_tun_aEr_eGo_7_small_truck.3,31346.67,lane_entry_C,lane_exit_B,31449.27,12.57,small_truck
r_axs_tun_aEr_eGo_8_car_aggr5.0,31349.86,lane_entry_C,lane_exit_B,31452.35,14.37,car_aggr5
r_axs_tun_aAm_eGo_8_car_aggr4.0,31353.8,lane_entry_C,lane_exit_B,31456.66,10.9,car_aggr4
r_luz_tun_aAm_eGo_8_car_aggr5.0,31356.86,lane_entry_C,lane_exit_B,31459.72,13.99,car_aggr5
r_luz_tun_aAm_eGo_8_small_truck.0,31559.31,lane_entry_C,lane_exit_B,31657.38,12.44,small_truck
r_luz_tun_aEr_eGo_8_car_aggr3.0,31604.3,lane_entry_C,lane_exit_B,31701.88,11.1,car_aggr3
r_axs_tun_aAm_eGo_8_car_aggr4.1,31607.92,lane_entry_C,lane_exit_B,31705.2,13.99,car_aggr4
r_axs_tun_aAm_eGo_8_car_aggr3.1,31763.67,lane_entry_C,lane_exit_B,31857.72,11.97,car_aggr3
r_axs_tun_aAm_eGo_8_car_aggr3.2,31767.78,lane_entry_C,lane_exit_B,31861.77,13.16,car_aggr3
r_axs_tun_aEr_eGo_8_car_aggr3.0,31771.85,lane_entry_C,lane_exit_B,31866.18,13.71,car_aggr3
r_axs_tun_aAm_eGo_8_car_aggr1.0,32004.68,lane_entry_C,lane_exit_B,32109.55,9.77,car_aggr1
r_axs_tun_aEr_eGo_8_car_aggr5.1,32007.78,lane_entry_C,lane_exit_B,32112.8,12.02,car_aggr5
r_luz_tun_aAm_eGo_8_small_truck.1,32259.87,lane_entry_C,lane_exit_B,32364.87,11.09,small_truck
r_luz_tun_aEr_eGo_8_big_truck.0,32328.37,lane_entry_C,lane_exit_B,32440.72,10.54,big_truck
r_luz_tun_aEr_eGo_8_car_aggr5.0,32331.91,lane_entry_C,lane_exit_B,32443.84,11.84,car_aggr5
r_axs_tun_aAm_eGo_8_car_aggr3.3,32336.75,lane_entry_C,lane_exit_B,32448.72,11.89,car_aggr3
r_axs_tun_aAm_eGo_8_car_aggr4.2,32340.4,lane_entry_C,lane_exit_B,32452.43,13.37,car_aggr4
r_luz_tun_aEr_eGo_8_car_aggr4.0,32344.03,lane_entry_C,lane_exit_B,32456.47,11.76,car_aggr4
r_axs_tun_aEr_eGo_8_car_aggr3.1,32475.76,lane_entry_C,lane_exit_B,32548.56,15.15,car_aggr3
r_axs_tun_aEr_eGo_8_car_aggr3.2,32979.64,lane_entry_C,lane_exit_B,33072.69,11.95,car_aggr3
r_luz_tun_aAm_eGo_8_car_aggr3.0,33338.84,lane_entry_C,lane_exit_B,33456.92,9.84,car_aggr3
r_axs_tun_aEr_eGo_8_car_aggr3.3,33374.63,lane_entry_C,lane_exit_B,33460.76,12.96,car_aggr3
r_axs_tun_aEr_eGo_8_car_aggr3.4,33425.32,lane_entry_C,lane_exit_B,33521.63,11.63,car_aggr3
r_axs_tun_aAm_eGo_8_car_aggr1.1,33432.25,lane_entry_C,lane_exit_B,33528.38,12.26,car_aggr1
r_axs_tun_aAm_eGo_8_car_aggr2.0,33559.9,lane_entry_C,lane_exit_B,33672.71,9.52,car_aggr2
r_axs_tun_aAm_eGo_8_small_truck.0,33563.4,lane_entry_C,lane_exit_B,33676.25,13.05,small_truck
r_luz_tun_aEr_eGo_8_car_aggr5.1,33566.64,lane_entry_C,lane_exit_B,33679.17,13.23,car_aggr5
r_luz_tun_aAm_eGo_8_small_truck.2,33571.22,lane_entry_C,lane_exit_B,33683.75,11.9,small_truck
r_axs_tun_aEr_eGo_8_car_aggr5.2,33574.51,lane_entry_C,lane_exit_B,33686.93,13.46,car_aggr5
r_axs_tun_aAm_eGo_8_car_aggr4.3,33854.05,lane_entry_C,lane_exit_B,33947.7,11.71,car_aggr4
r_axs_tun_aEr_eGo_8_big_truck.0,34100.03,lane_entry_C,lane_exit_B,34211.48,10.5,big_truck
r_axs_tun_aEr_eGo_8_car_aggr2.0,34234.38,lane_entry_C,lane_exit_B,34352.82,9.33,car_aggr2
r_axs_tun_aAm_eGo_8_car_aggr3.4,34238.64,lane_entry_C,lane_exit_B,34356.9,10.86,car_aggr3
r_axs_tun_aAm_eGo_8_small_truck.1,34414.0,lane_entry_C,lane_exit_B,34524.31,11.07,small_truck
r_axs_tun_aEr_eGo_8_car_aggr4.0,34693.91,lane_entry_C,lane_exit_B,34803.06,12.39,car_aggr4
r_axs_tun_aEr_eGo_9_car_aggr3.0,34849.74,lane_entry_C,lane_exit_B,34938.67,12.19,car_aggr3
r_luz_tun_aAm_eGo_8_car_aggr2.0,35805.05,lane_entry_C,lane_exit_B,35961.59,9.09,car_aggr2
r_luz_tun_aAm_eGo_9_car_aggr3.0,35809.52,lane_entry_C,lane_exit_B,35965.49,9.91,car_aggr3
r_axs_tun_aEr_eGo_9_motorbike.0,35813.46,lane_entry_C,lane_exit_B,35969.21,10.1,motorbike
r_axs_tun_aAm_eGo_9_car_aggr2.0,35819.18,lane_entry_C,lane_exit_B,35975.21,11.05,car_aggr2
r_axs_tun_aEr_eGo_9_car_aggr2.0,36044.87,lane_entry_C,lane_exit_B,36136.98,12.06,car_aggr2
r_axs_tun_aAm_eGo_9_car_aggr2.1,36394.2,lane_entry_C,lane_exit_B,36509.13,10.65,car_aggr2
r_luz_tun_aEr_eGo_9_car_aggr1.0,36741.39,lane_entry_C,lane_exit_B,36886.32,8.69,car_aggr1
r_axs_tun_aEr_eGo_9_car_aggr3.1,36745.74,lane_entry_C,lane_exit_B,36890.47,10.06,car_aggr3
r_axs_tun_aAm_eGo_9_small_truck.0,36749.7,lane_entry_C,lane_exit_B,36894.27,11.02,small_truck
r_luz_tun_aEr_eGo_9_small_truck.0,36887.43,lane_entry_C,lane_exit_B,36991.69,10.59,small_truck
r_luz_tun_aAm_eGo_9_car_aggr4.0,36891.11,lane_entry_C,lane_exit_B,36995.27,13.02,car_aggr4
r_axs_tun_aEr_eGo_9_car_aggr5.0,36958.67,lane_entry_C,lane_exit_B,37052.29,12.83,car_aggr5
r_luz_tun_aEr_eGo_9_car_aggr3.0,37198.64,lane_entry_C,lane_exit_B,37308.24,12.12,car_aggr3
r_luz_tun_aAm_eGo_9_car_aggr3.1,37202.86,lane_entry_C,lane_exit_B,37311.89,13.32,car_aggr3
r_luz_tun_aAm_eGo_9_car_aggr4.1,37270.07,lane_entry_C,lane_exit_B,37363.49,11.42,car_aggr4
r_luz_tun_aEr_eGo_9_car_aggr3.1,37343.54,lane_entry_C,lane_exit_B,37440.07,13.68,car_aggr3
r_luz_tun_aAm_eGo_9_car_aggr2.0,37566.89,lane_entry_C,lane_exit_B,37658.92,11.38,car_aggr2
r_axs_tun_aEr_eGo_9_car_aggr1.0,37958.51,lane_entry_C,lane_exit_B,38071.31,10.64,car_aggr1
r_luz_tun_aEr_eGo_9_motorbike.0,37981.02,lane_entry_C,lane_exit_B,38075.61,14.34,motorbike
r_axs_tun_aAm_eGo_10_car_aggr3.0,38220.44,lane_entry_C,lane_exit_B,38303.89,13.14,car_aggr3
r_axs_tun_aAm_eGo_10_car_aggr3.1,39709.45,lane_entry_C,lane_exit_B,39811.47,11.12,car_aggr3
r_luz_tun_aEr_eGo_10_car_aggr3.0,40112.29,lane_entry_C,lane_exit_B,40217.03,11.85,car_aggr3
r_luz_tun_aAm_eGo_10_small_truck.0,40536.31,lane_entry_C,lane_exit_B,40630.07,12.97,small_truck
r_axs_tun_aAm_eGo_10_car_aggr5.0,41415.79,lane_entry_C,lane_exit_B,41493.82,13.58,car_aggr5
r_axs_tun_aAm_eGo_10_car_aggr5.1,41734.18,lane_entry_C,lane_exit_B,41842.87,11.43,car_aggr5
r_luz_tun_aAm_eGo_10_big_truck.0,42096.41,lane_entry_C,lane_exit_B,42222.51,9.52,big_truck
r_axs_tun_aAm_eGo_12_car_aggr4.0,45348.41,lane_entry_C,lane_exit_B,45438.88,12.4,car_aggr4
r_axs_tun_aAm_eGo_12_small_truck.0,46536.13,lane_entry_C,lane_exit_B,46636.19,13.28,small_truck
r_axs_tun_aEr_eGo_12_car_aggr2.0,46582.63,lane_entry_C,lane_exit_B,46677.45,11.39,car_aggr2
r_axs_tun_aAm_eGo_12_car_aggr1.0,46871.54,lane_entry_C,lane_exit_B,46993.92,8.32,car_aggr1
r_axs_tun_aAm_eGo_12_car_aggr1.1,47053.25,lane_entry_C,lane_exit_B,47159.76,9.72,car_aggr1
r_axs_tun_aEr_eGo_12_car_aggr4.0,47056.9,lane_entry_C,lane_exit_B,47163.4,11.17,car_aggr4
r_luz_tun_aAm_eGo_12_car_aggr2.0,47210.37,lane_entry_C,lane_exit_B,47322.83,9.37,car_aggr2
r_luz_tun_aAm_eGo_12_small_truck.0,47221.39,lane_entry_C,lane_exit_B,47326.55,11.13,small_truck
r_axs_tun_aAm_eGo_12_car_aggr1.2,48033.13,lane_entry_C,lane_exit_B,48133.82,10.27,car_aggr1
r_axs_tun_aAm_eGo_12_car_aggr4.1,48391.24,lane_entry_C,lane_exit_B,48481.62,12.5,car_aggr4
r_luz_tun_aAm_eGo_12_car_aggr2.1,48837.07,lane_entry_C,lane_exit_B,48933.68,10.93,car_aggr2
r_luz_tun_aEr_eGo_12_car_aggr3.0,48841.08,lane_entry_C,lane_exit_B,48938.06,14.41,car_aggr3
r_axs_tun_aEr_eGo_12_car_aggr2.1,48975.77,lane_entry_C,lane_exit_B,49077.46,11.3,car_aggr2
r_luz_tun_aEr_eGo_12_motorbike.0,49862.56,lane_entry_C,lane_exit_B,49982.9,9.72,motorbike
r_axs_tun_aAm_eGo_18_car_aggr1.0,67270.19,lane_entry_C,lane_exit_B,67371.01,12.1,car_aggr1
r_axs_tun_aAm_eGo_18_car_aggr1.1,68647.23,lane_entry_C,lane_exit_B,68777.9,8.04,car_aggr1
r_axs_tun_aEr_eGo_18_car_aggr2.0,68921.95,lane_entry_C,lane_exit_B,69026.82,10.57,car_aggr2
r_axs_tun_aAm_eGo_18_car_aggr2.0,69511.48,lane_entry_C,lane_exit_B,69616.99,10.01,car_aggr2
r_luz_tun_aAm_eGo_18_car_aggr4.0,69868.53,lane_entry_C,lane_exit_B,69965.49,12.7,car_aggr4
r_luz_tun_aAm_eGo_18_car_aggr5.0,69945.71,lane_entry_C,lane_exit_B,70049.64,11.88,car_aggr5
r_axs_tun_aEr_eGo_18_car_aggr1.0,70005.07,lane_entry_C,lane_exit_B,70108.22,11.72,car_aggr1
r_luz_tun_aEr_eGo_18_car_aggr5.0,70187.22,lane_entry_C,lane_exit_B,70286.98,13.07,car_aggr5
r_luz_tun_aAm_eGo_18_big_truck.0,70272.56,lane_entry_C,lane_exit_B,70382.87,9.55,big_truck
r_axs_tun_aEr_eGo_18_car_aggr4.0,70276.66,lane_entry_C,lane_exit_B,70386.61,11.08,car_aggr4
r_luz_tun_aEr_eGo_18_small_truck.0,70459.7,lane_entry_C,lane_exit_B,70552.28,12.65,small_truck
r_luz_tun_aAm_eGo_18_small_truck.0,70592.36,lane_entry_C,lane_exit_B,70689.03,13.03,small_truck
r_luz_tun_aEr_eGo_18_car_aggr4.0,70893.94,lane_entry_C,lane_exit_B,70992.78,13.1,car_aggr4
r_luz_tun_aAm_eGo_18_car_aggr3.0,70967.26,lane_entry_C,lane_exit_B,71058.98,11.59,car_aggr3
r_luz_tun_aAm_eGo_18_motorbike.0,70970.84,lane_entry_C,lane_exit_B,71062.76,13.46,motorbike
r_luz_tun_aAm_eGo_18_car_aggr4.1,70980.77,lane_entry_C,lane_exit_B,71074.08,13.15,car_aggr4
r_luz_tun_aAm_eGo_18_car_aggr5.1,70983.94,lane_entry_C,lane_exit_B,71078.03,14.67,car_aggr5
r_luz_tun_aEr_eGo_18_car_aggr2.0,71126.19,lane_entry_C,lane_exit_B,71226.82,10.39,car_aggr2
r_luz_tun_aEr_eGo_18_motorbike.0,71129.88,lane_entry_C,lane_exit_B,71230.33,13.48,motorbike
r_axs_tun_aAm_eGo_19_car_aggr2.0,71139.11,lane_entry_C,lane_exit_B,71237.47,11.02,car_aggr2
r_luz_tun_aAm_eGo_18_car_aggr2.0,71235.21,lane_entry_C,lane_exit_B,71342.13,11.88,car_aggr2
r_luz_tun_aEr_eGo_18_car_aggr4.1,71299.66,lane_entry_C,lane_exit_B,71399.81,10.35,car_aggr4
r_luz_tun_aAm_eGo_18_car_aggr3.1,71304.09,lane_entry_C,lane_exit_B,71403.86,12.82,car_aggr3
r_axs_tun_aEr_eGo_19_car_aggr3.0,71417.71,lane_entry_C,lane_exit_B,71518.67,10.63,car_aggr3
r_luz_tun_aAm_eGo_19_car_aggr3.0,71745.08,lane_entry_C,lane_exit_B,71844.69,11.11,car_aggr3
r_luz_tun_aEr_eGo_18_car_aggr3.0,72057.01,lane_entry_C,lane_exit_B,72154.01,13.68,car_aggr3
r_luz_tun_aEr_eGo_18_car_aggr2.1,72062.61,lane_entry_C,lane_exit_B,72159.34,12.84,car_aggr2
r_luz_tun_aAm_eGo_19_car_aggr2.0,72067.73,lane_entry_C,lane_exit_B,72166.85,11.2,car_aggr2
r_axs_tun_aEr_eGo_19_car_aggr4.0,72179.12,lane_entry_C,lane_exit_B,72265.52,12.54,car_aggr4
r_luz_tun_aEr_eGo_19_car_aggr3.0,72219.48,lane_entry_C,lane_exit_B,72317.94,10.97,car_aggr3
r_luz_tun_aEr_eGo_19_car_aggr3.1,72223.55,lane_entry_C,lane_exit_B,72322.63,11.65,car_aggr3
r_luz_tun_aEr_eGo_19_car_aggr3.2,72407.29,lane_entry_C,lane_exit_B,72508.95,11.32,car_aggr3
r_luz_tun_aEr_eGo_19_big_truck.0,72489.04,lane_entry_C,lane_exit_B,72600.06,11.37,big_truck
r_luz_tun_aAm_eGo_19_small_truck.0,72492.91,lane_entry_C,lane_exit_B,72603.97,11.08,small_truck
r_axs_tun_aAm_eGo_19_car_aggr3.0,72497.25,lane_entry_C,lane_exit_B,72608.44,11.43,car_aggr3
r_luz_tun_aAm_eGo_19_car_aggr3.1,72501.46,lane_entry_C,lane_exit_B,72612.83,11.43,car_aggr3
r_axs_tun_aEr_eGo_19_car_aggr5.0,72509.24,lane_entry_C,lane_exit_B,72616.51,11.93,car_aggr5
r_axs_tun_aEr_eGo_19_car_aggr3.1,72514.13,lane_entry_C,lane_exit_B,72620.88,11.97,car_aggr3
r_axs_tun_aAm_eGo_19_car_aggr3.1,72890.1,lane_entry_C,lane_exit_B,72994.75,9.59,car_aggr3
r_luz_tun_aEr_eGo_19_car_aggr2.0,72895.74,lane_entry_C,lane_exit_B,73000.36,11.17,car_aggr2
r_luz_tun_aEr_eGo_19_small_truck.0,73209.74,lane_entry_C,lane_exit_B,73316.81,9.81,small_truck
r_luz_tun_aEr_eGo_19_car_aggr2.1,73483.87,lane_entry_C,lane_exit_B,73590.17,11.65,car_aggr2
r_axs_tun_aEr_eGo_19_car_aggr2.0,73729.19,lane_entry_C,lane_exit_B,73838.93,9.49,car_aggr2
r_luz_tun_aEr_eGo_19_motorbike.0,73732.85,lane_entry_C,lane_exit_B,73842.41,12.26,motorbike
r_luz_tun_aAm_eGo_19_car_aggr3.2,73916.77,lane_entry_C,lane_exit_B,74043.16,10.05,car_aggr3
r_luz_tun_aEr_eGo_19_car_aggr3.3,73921.13,lane_entry_C,lane_exit_B,74046.99,12.05,car_aggr3
r_luz_tun_aEr_eGo_19_car_aggr4.0,74078.68,lane_entry_C,lane_exit_B,74166.8,12.46,car_aggr4
r_axs_tun_aAm_eGo_20_car_aggr4.0,74397.82,lane_entry_C,lane_exit_B,74494.63,10.99,car_aggr4
r_luz_tun_aEr_eGo_19_car_aggr2.2,74531.34,lane_entry_C,lane_exit_B,74636.79,11.1,car_aggr2
r_axs_tun_aAm_eGo_20_small_truck.0,74634.67,lane_entry_C,lane_exit_B,74742.89,10.2,small_truck
r_axs_tun_aAm_eGo_20_big_truck.0,74706.86,lane_entry_C,lane_exit_B,74812.78,10.57,big_truck
r_luz_tun_aEr_eGo_19_car_aggr3.4,74711.29,lane_entry_C,lane_exit_B,74816.86,12.39,car_aggr3
r_axs_tun_aAm_eGo_20_car_aggr2.0,74717.13,lane_entry_C,lane_exit_B,74822.32,11.83,car_aggr2
r_luz_tun_aEr_eGo_20_car_aggr3.0,74859.85,lane_entry_C,lane_exit_B,74957.86,10.3,car_aggr3
r_axs_tun_aAm_eGo_20_car_aggr4.1,74863.5,lane_entry_C,lane_exit_B,74962.59,11.46,car_aggr4
r_axs_tun_aAm_eGo_20_car_aggr4.2,74867.12,lane_entry_C,lane_exit_B,74965.99,13.68,car_aggr4
r_axs_tun_aAm_eGo_20_car_aggr5.0,75033.32,lane_entry_C,lane_exit_B,75125.53,11.33,car_aggr5
r_axs_tun_aEr_eGo_20_small_truck.0,75211.33,lane_entry_C,lane_exit_B,75319.07,11.53,small_truck
r_luz_tun_aEr_eGo_20_car_aggr4.0,75243.04,lane_entry_C,lane_exit_B,75333.95,11.89,car_aggr4
r_luz_tun_aEr_eGo_20_car_aggr1.0,75788.01,lane_entry_C,lane_exit_B,75913.82,8.31,car_aggr1
r_luz_tun_aEr_eGo_20_car_aggr3.1,75792.25,lane_entry_C,lane_exit_B,75917.84,10.66,car_aggr3
r_luz_tun_aEr_eGo_20_car_aggr1.1,75935.15,lane_entry_C,lane_exit_B,76045.23,11.58,car_aggr1
r_axs_tun_aAm_eGo_20_car_aggr2.1,75940.3,lane_entry_C,lane_exit_B,76051.46,10.68,car_aggr2
r_luz_tun_aEr_eGo_20_big_truck.0,76210.88,lane_entry_C,lane_exit_B,76324.94,10.42,big_truck
r_luz_tun_aAm_eGo_20_car_aggr3.0,76731.14,lane_entry_C,lane_exit_B,76865.43,11.04,car_aggr3
r_luz_tun_aAm_eGo_20_big_truck.0,76745.09,lane_entry_C,lane_exit_B,76870.81,10.45,big_truck
r_luz_tun_aAm_eGo_20_car_aggr5.0,76748.69,lane_entry_C,lane_exit_B,76874.2,12.79,car_aggr5
r_luz_tun_aEr_eGo_20_car_aggr4.1,76752.7,lane_entry_C,lane_exit_B,76877.94,11.92,car_aggr4
r_axs_tun_aEr_eGo_20_car_aggr3.0,76758.47,lane_entry_C,lane_exit_B,76882.81,11.11,car_aggr3
r_axs_tun_aAm_eGo_20_car_aggr3.0,77112.72,lane_entry_C,lane_exit_B,77201.42,11.37,car_aggr3
r_luz_tun_aEr_eGo_20_car_aggr5.0,77130.14,lane_entry_C,lane_exit_B,77206.59,13.7,car_aggr5
r_luz_tun_aEr_eGo_20_car_aggr4.2,77296.63,lane_entry_C,lane_exit_B,77391.84,12.29,car_aggr4
r_luz_tun_aEr_eGo_20_car_aggr4.3,77885.65,lane_entry_C,lane_exit_B,77970.67,11.88,car_aggr4
r_luz_tun_aAm_eGo_22_car_aggr4.0,82753.81,lane_entry_C,lane_exit_B,82838.6,13.67,car_aggr4
r_luz_tun_aAm_eGo_22_car_aggr2.0,83299.45,lane_entry_C,lane_exit_B,83407.31,10.68,car_aggr2
r_luz_tun_aAm_eGo_22_car_aggr4.1,83444.58,lane_entry_C,lane_exit_B,83535.43,13.15,car_aggr4
r_luz_tun_aAm_eGo_22_big_truck.0,84123.69,lane_entry_C,lane_exit_B,84227.75,11.08,big_truck
r_luz_tun_aEr_eGo_23_car_aggr2.0,85570.61,lane_entry_C,lane_exit_B,85659.99,12.37,car_aggr2
r_axs_tun_aAm_eGo_23_car_aggr4.0,85828.07,lane_entry_C,lane_exit_B,85915.34,12.49,car_aggr4
r_luz_tun_aAm_eGo_23_car_aggr3.0,86255.61,lane_entry_C,lane_exit_B,86367.3,11.72,car_aggr3
r_axs_tun_aEr_eGo_23_car_aggr4.0,86335.41,lane_entry_C,lane_exit_B,86432.01,14.09,car_aggr4
r_luz_tun_aAm_eGo_23_car_aggr1.0,86922.72,lane_entry_C,lane_exit_B,87012.77,10.97,car_aggr1
r_luz_tun_aAm_eGo_23_motorbike.0,87120.88,lane_entry_C,lane_exit_B,87210.84,12.43,motorbike
r_luz_tun_aEr_eGo_23_car_aggr2.1,87218.05,lane_entry_C,lane_exit_B,87305.49,11.52,car_aggr2
r_tun_axs_KS_____3_car_aggr2.0,12507.28,lane_entry_B,lane_exit_C,12578.78,17.97,car_aggr2
r_tun_axs_KS_____3_car_aggr3.0,12941.04,lane_entry_B,lane_exit_C,13014.69,17.22,car_aggr3
r_tun_axs_KS_____3_car_aggr3.1,13821.49,lane_entry_B,lane_exit_C,13885.53,21.4,car_aggr3
r_tun_axs_KS_____3_car_aggr3.2,14110.61,lane_entry_B,lane_exit_C,14172.0,21.62,car_aggr3
r_tun_axs_KS_____16_car_aggr4.0,58476.58,lane_entry_B,lane_exit_C,58540.42,21.17,car_aggr4
r_tun_axs_KS_____16_car_aggr2.0,59404.33,lane_entry_B,lane_exit_C,59481.99,16.35,car_aggr2
r_tun_axs_KS_____16_car_aggr3.0,60055.6,lane_entry_B,lane_exit_C,60122.57,19.45,car_aggr3
r_tun_axs_KS_____16_car_aggr2.1,61383.11,lane_entry_B,lane_exit_C,61460.26,16.84,car_aggr2
r_tun_axs_KS_____16_car_aggr3.1,61517.76,lane_entry_B,lane_exit_C,61578.7,22.09,car_aggr3
r_tun_axs_KS_____20_car_aggr5.0,75330.05,lane_entry_B,lane_exit_C,75377.17,29.61,car_aggr5
r_tun_axs_KS_____21_car_aggr3.0,77150.56,lane_entry_B,lane_exit_C,77222.36,18.92,car_aggr3
r_tun_axs_KS_____21_small_truck.0,77324.15,lane_entry_B,lane_exit_C,77395.47,18.19,small_truck
r_tun_axs_KS_____21_car_aggr3.1,78173.15,lane_entry_B,lane_exit_C,78246.16,17.78,car_aggr3
r_tun_axs_KS_____21_car_aggr4.0,78201.31,lane_entry_B,lane_exit_C,78265.7,20.34,car_aggr4
r_tun_axs_KS_____21_car_aggr4.1,78883.1,lane_entry_B,lane_exit_C,78963.43,15.61,car_aggr4
r_and_alt_1_2_car_aggr4.0,9030.56,lane_entry_E,lane_exit_C,9133.95,21.58,car_aggr4
r_and_alt_1_4_car_aggr3.0,16637.77,lane_entry_E,lane_exit_C,16742.3,21.54,car_aggr3
r_and_alt_1_4_car_aggr4.0,18198.34,lane_entry_E,lane_exit_C,18310.67,19.95,car_aggr4
r_and_alt_1_6_car_aggr2.0,22153.03,lane_entry_E,lane_exit_C,22260.35,21.21,car_aggr2
r_and_alt_1_6_car_aggr3.0,22383.82,lane_entry_E,lane_exit_C,22499.76,19.98,car_aggr3
r_and_alt_1_6_car_aggr3.1,22471.87,lane_entry_E,lane_exit_C,22600.15,17.04,car_aggr3
r_and_alt_1_6_car_aggr3.2,23498.98,lane_entry_E,lane_exit_C,23622.68,18.14,car_aggr3
r_and_alt_1_6_small_truck.0,24077.37,lane_entry_E,lane_exit_C,24227.56,15.98,small_truck
r_and_alt_1_6_car_aggr4.0,24384.97,lane_entry_E,lane_exit_C,24480.72,23.6,car_aggr4
r_and_alt_1_6_car_aggr2.1,24508.15,lane_entry_E,lane_exit_C,24634.97,18.15,car_aggr2
r_and_alt_1_6_car_aggr5.0,24783.04,lane_entry_E,lane_exit_C,24884.68,22.38,car_aggr5
r_and_alt_1_7_car_aggr3.0,25862.84,lane_entry_E,lane_exit_C,25991.18,18.09,car_aggr3
r_and_alt_1_7_car_aggr2.0,25915.25,lane_entry_E,lane_exit_C,26038.26,19.01,car_aggr2
r_and_alt_1_7_car_aggr5.0,25977.33,lane_entry_E,lane_exit_C,26081.87,25.15,car_aggr5
r_and_alt_1_7_big_truck.0,26235.16,lane_entry_E,lane_exit_C,26392.29,15.56,big_truck
r_and_alt_1_7_car_aggr1.0,26405.53,lane_entry_E,lane_exit_C,26528.03,18.85,car_aggr1
r_and_alt_1_7_big_truck.1,26505.1,lane_entry_E,lane_exit_C,26646.16,16.02,big_truck
r_and_alt_1_7_car_aggr1.1,26644.97,lane_entry_E,lane_exit_C,26804.61,14.53,car_aggr1
r_and_alt_1_7_car_aggr5.1,26648.47,lane_entry_E,lane_exit_C,26807.88,13.66,car_aggr5
r_and_alt_1_7_car_aggr3.1,26656.97,lane_entry_E,lane_exit_C,26812.67,14.4,car_aggr3
r_and_alt_1_7_car_aggr4.0,26695.01,lane_entry_E,lane_exit_C,26823.03,18.7,car_aggr4
r_and_alt_1_7_car_aggr5.2,26808.18,lane_entry_E,lane_exit_C,26910.87,22.27,car_aggr5
r_and_alt_1_7_car_aggr3.2,26815.57,lane_entry_E,lane_exit_C,26949.74,16.37,car_aggr3
r_and_alt_1_7_motorbike.0,26844.06,lane_entry_E,lane_exit_C,26975.72,17.58,motorbike
r_and_alt_1_7_car_aggr3.3,26920.43,lane_entry_E,lane_exit_C,27066.54,15.32,car_aggr3
r_and_alt_1_7_car_aggr1.2,27015.34,lane_entry_E,lane_exit_C,27160.24,15.78,car_aggr1
r_and_alt_1_7_car_aggr1.3,27061.9,lane_entry_E,lane_exit_C,27210.75,15.09,car_aggr1
r_and_alt_1_7_big_truck.2,27140.17,lane_entry_E,lane_exit_C,27290.11,15.87,big_truck
r_and_alt_1_7_motorbike.1,27144.73,lane_entry_E,lane_exit_C,27293.76,15.25,motorbike
r_and_alt_1_7_car_aggr5.3,27147.79,lane_entry_E,lane_exit_C,27296.84,16.93,car_aggr5
r_and_alt_1_7_motorbike.2,27190.43,lane_entry_E,lane_exit_C,27307.14,18.77,motorbike
r_and_alt_1_7_car_aggr3.4,27198.0,lane_entry_E,lane_exit_C,27311.79,19.03,car_aggr3
r_and_alt_1_7_car_aggr1.4,27381.79,lane_entry_E,lane_exit_C,27522.07,16.19,car_aggr1
r_and_alt_1_7_car_aggr1.5,27472.65,lane_entry_E,lane_exit_C,27608.66,17.01,car_aggr1
r_and_alt_1_7_car_aggr3.5,27604.85,lane_entry_E,lane_exit_C,27710.88,22.11,car_aggr3
r_and_alt_1_7_car_aggr1.6,27721.1,lane_entry_E,lane_exit_C,27866.2,15.86,car_aggr1
r_and_alt_1_7_car_aggr5.4,27982.84,lane_entry_E,lane_exit_C,28145.85,14.01,car_aggr5
r_and_alt_1_7_car_aggr5.5,27986.47,lane_entry_E,lane_exit_C,28149.11,14.78,car_aggr5
r_and_alt_1_7_car_aggr4.1,27990.52,lane_entry_E,lane_exit_C,28153.17,14.44,car_aggr4
r_and_alt_1_7_car_aggr1.7,28182.57,lane_entry_E,lane_exit_C,28323.69,16.02,car_aggr1
r_and_alt_1_7_car_aggr4.2,28186.53,lane_entry_E,lane_exit_C,28327.28,16.18,car_aggr4
r_and_alt_1_7_small_truck.0,28344.09,lane_entry_E,lane_exit_C,28485.81,16.12,small_truck
r_and_alt_1_7_car_aggr4.3,28619.47,lane_entry_E,lane_exit_C,28724.68,22.09,car_aggr4
r_and_alt_1_7_car_aggr4.4,28623.82,lane_entry_E,lane_exit_C,28745.08,18.52,car_aggr4
r_and_alt_1_7_car_aggr3.6,28648.36,lane_entry_E,lane_exit_C,28771.82,17.94,car_aggr3
r_and_alt_1_7_car_aggr3.7,28652.78,lane_entry_E,lane_exit_C,28775.9,19.07,car_aggr3
r_and_alt_1_7_car_aggr5.6,28685.1,lane_entry_E,lane_exit_C,28787.1,22.62,car_aggr5
r_and_alt_1_7_car_aggr2.1,28829.76,lane_entry_E,lane_exit_C,28936.08,22.0,car_aggr2
r_and_alt_1_8_car_aggr5.0,29099.02,lane_entry_E,lane_exit_C,29197.48,22.67,car_aggr5
r_and_alt_1_8_car_aggr4.0,29650.42,lane_entry_E,lane_exit_C,29757.91,21.07,car_aggr4
r_and_alt_1_8_car_aggr3.0,29655.14,lane_entry_E,lane_exit_C,29781.6,17.63,car_aggr3
r_and_alt_1_8_car_aggr3.1,29660.64,lane_entry_E,lane_exit_C,29785.85,17.24,car_aggr3
r_and_alt_1_8_big_truck.0,29747.45,lane_entry_E,lane_exit_C,29895.78,16.7,big_truck
r_and_alt_1_8_small_truck.0,30057.16,lane_entry_E,lane_exit_C,30191.26,17.44,small_truck
r_and_alt_1_8_car_aggr3.2,30113.63,lane_entry_E,lane_exit_C,30246.67,17.24,car_aggr3
r_and_alt_1_8_car_aggr5.1,30264.28,lane_entry_E,lane_exit_C,30352.01,25.85,car_aggr5
r_and_alt_1_8_car_aggr3.3,30364.34,lane_entry_E,lane_exit_C,30489.25,17.98,car_aggr3
r_and_alt_1_8_car_aggr3.4,30533.11,lane_entry_E,lane_exit_C,30635.95,22.41,car_aggr3
r_and_alt_1_8_big_truck.1,30727.02,lane_entry_E,lane_exit_C,30873.82,15.37,big_truck
r_and_alt_1_8_car_aggr1.0,31139.76,lane_entry_E,lane_exit_C,31306.95,13.37,car_aggr1
r_and_alt_1_8_car_aggr3.5,31146.08,lane_entry_E,lane_exit_C,31311.19,13.78,car_aggr3
r_and_alt_1_8_small_truck.1,31151.36,lane_entry_E,lane_exit_C,31315.25,13.73,small_truck
r_and_alt_1_8_car_aggr3.6,31357.13,lane_entry_E,lane_exit_C,31479.6,18.37,car_aggr3
r_and_alt_1_8_small_truck.2,31482.74,lane_entry_E,lane_exit_C,31604.59,18.96,small_truck
r_and_alt_1_8_car_aggr1.1,31506.23,lane_entry_E,lane_exit_C,31634.51,18.34,car_aggr1
r_and_alt_1_8_small_truck.3,31611.23,lane_entry_E,lane_exit_C,31728.2,19.29,small_truck
r_and_alt_1_8_car_aggr3.7,31866.54,lane_entry_E,lane_exit_C,31986.28,19.26,car_aggr3
r_and_alt_1_8_car_aggr3.8,31870.83,lane_entry_E,lane_exit_C,31990.42,19.56,car_aggr3
r_and_alt_1_8_big_truck.2,32013.05,lane_entry_E,lane_exit_C,32161.1,15.67,big_truck
r_and_alt_1_8_car_aggr2.0,32345.0,lane_entry_E,lane_exit_C,32490.72,16.03,car_aggr2
r_and_alt_1_8_car_aggr3.9,32528.14,lane_entry_E,lane_exit_C,32644.71,19.78,car_aggr3
r_and_alt_1_8_car_aggr3.10,32612.18,lane_entry_E,lane_exit_C,32732.76,19.43,car_aggr3
r_and_alt_1_8_car_aggr2.1,32774.03,lane_entry_E,lane_exit_C,32916.64,16.41,car_aggr2
r_and_alt_1_9_car_aggr2.0,32779.68,lane_entry_E,lane_exit_C,32921.85,15.69,car_aggr2
r_and_alt_1_9_car_aggr2.1,33109.04,lane_entry_E,lane_exit_C,33224.43,19.63,car_aggr2
r_and_alt_1_9_car_aggr2.2,33126.37,lane_entry_E,lane_exit_C,33239.1,20.28,car_aggr2
r_and_alt_1_9_car_aggr2.3,33401.26,lane_entry_E,lane_exit_C,33544.4,16.35,car_aggr2
r_and_alt_1_9_car_aggr3.0,33458.02,lane_entry_E,lane_exit_C,33594.35,17.26,car_aggr3
r_and_alt_1_9_small_truck.0,33740.97,lane_entry_E,lane_exit_C,33885.58,15.23,small_truck
r_and_alt_1_9_car_aggr1.0,33747.79,lane_entry_E,lane_exit_C,33891.9,15.66,car_aggr1
r_and_alt_1_9_car_aggr4.0,34138.57,lane_entry_E,lane_exit_C,34275.1,17.18,car_aggr4
r_and_alt_1_9_motorbike.0,34261.89,lane_entry_E,lane_exit_C,34367.75,20.54,motorbike
r_and_alt_1_9_car_aggr5.0,34287.87,lane_entry_E,lane_exit_C,34392.13,22.79,car_aggr5
r_and_alt_1_9_small_truck.1,34473.05,lane_entry_E,lane_exit_C,34590.21,20.03,small_truck
r_and_alt_1_9_car_aggr2.4,34827.61,lane_entry_E,lane_exit_C,34946.38,19.47,car_aggr2
r_and_alt_1_9_car_aggr4.1,35492.11,lane_entry_E,lane_exit_C,35635.28,15.94,car_aggr4
r_and_alt_1_9_small_truck.2,35645.18,lane_entry_E,lane_exit_C,35779.4,16.76,small_truck
r_and_alt_1_9_car_aggr3.1,35649.68,lane_entry_E,lane_exit_C,35783.54,17.49,car_aggr3
r_and_alt_1_9_car_aggr2.5,35657.6,lane_entry_E,lane_exit_C,35789.27,17.36,car_aggr2
r_and_alt_1_9_big_truck.0,35846.47,lane_entry_E,lane_exit_C,35988.64,16.41,big_truck
r_and_alt_1_10_car_aggr1.0,36540.79,lane_entry_E,lane_exit_C,36703.58,13.71,car_aggr1
r_and_alt_1_10_car_aggr3.0,36682.24,lane_entry_E,lane_exit_C,36816.47,18.15,car_aggr3
r_and_alt_1_10_car_aggr5.0,36692.51,lane_entry_E,lane_exit_C,36819.54,17.38,car_aggr5
r_and_alt_1_10_small_truck.0,36955.95,lane_entry_E,lane_exit_C,37087.73,17.06,small_truck
r_and_alt_1_10_car_aggr4.0,37012.4,lane_entry_E,lane_exit_C,37120.13,21.91,car_aggr4
r_and_alt_1_10_car_aggr2.0,37060.11,lane_entry_E,lane_exit_C,37183.83,18.48,car_aggr2
r_and_alt_1_10_car_aggr2.1,37065.62,lane_entry_E,lane_exit_C,37188.97,18.61,car_aggr2
r_and_alt_1_10_small_truck.1,37138.24,lane_entry_E,lane_exit_C,37262.51,18.13,small_truck
r_and_alt_1_10_car_aggr4.1,37165.45,lane_entry_E,lane_exit_C,37267.64,22.2,car_aggr4
r_and_alt_1_10_car_aggr3.1,37219.97,lane_entry_E,lane_exit_C,37337.15,20.03,car_aggr3
r_and_alt_1_10_car_aggr4.2,37424.16,lane_entry_E,lane_exit_C,37532.64,20.52,car_aggr4
r_and_alt_1_10_car_aggr3.2,37440.33,lane_entry_E,lane_exit_C,37552.82,20.68,car_aggr3
r_and_alt_1_10_car_aggr4.3,37486.0,lane_entry_E,lane_exit_C,37587.51,22.75,car_aggr4
r_and_alt_1_10_small_truck.2,37612.61,lane_entry_E,lane_exit_C,37732.05,18.99,small_truck
r_and_alt_1_10_car_aggr3.3,37861.57,lane_entry_E,lane_exit_C,37967.86,22.07,car_aggr3
r_and_alt_1_10_car_aggr4.4,38063.22,lane_entry_E,lane_exit_C,38189.13,18.11,car_aggr4
r_and_alt_1_10_car_aggr2.2,38112.83,lane_entry_E,lane_exit_C,38240.09,18.21,car_aggr2
r_and_alt_1_10_car_aggr2.3,38308.9,lane_entry_E,lane_exit_C,38423.41,20.48,car_aggr2
r_and_alt_1_10_car_aggr1.1,38358.3,lane_entry_E,lane_exit_C,38475.22,19.98,car_aggr1
r_and_alt_1_10_car_aggr2.4,38552.96,lane_entry_E,lane_exit_C,38697.26,15.36,car_aggr2
r_and_alt_1_10_small_truck.3,38986.22,lane_entry_E,lane_exit_C,39118.96,17.04,small_truck
r_and_alt_1_10_car_aggr4.5,38990.25,lane_entry_E,lane_exit_C,39122.69,16.56,car_aggr4
r_and_alt_1_10_car_aggr4.6,39151.15,lane_entry_E,lane_exit_C,39282.04,16.76,car_aggr4
r_and_alt_1_10_car_aggr4.7,39155.01,lane_entry_E,lane_exit_C,39285.67,17.86,car_aggr4
r_and_alt_1_10_car_aggr2.5,39269.53,lane_entry_E,lane_exit_C,39386.33,19.88,car_aggr2
r_and_alt_1_10_car_aggr3.4,39438.02,lane_entry_E,lane_exit_C,39570.18,17.35,car_aggr3
r_and_alt_1_10_small_truck.4,39532.63,lane_entry_E,lane_exit_C,39650.88,19.87,small_truck
r_and_alt_1_10_car_aggr2.6,39587.71,lane_entry_E,lane_exit_C,39706.65,19.43,car_aggr2
r_and_alt_1_10_car_aggr3.5,39726.62,lane_entry_E,lane_exit_C,39834.29,20.73,car_aggr3
r_and_alt_1_10_big_truck.0,40017.45,lane_entry_E,lane_exit_C,40145.06,17.91,big_truck
r_and_alt_1_11_car_aggr3.0,40022.31,lane_entry_E,lane_exit_C,40149.2,17.79,car_aggr3
r_and_alt_1_11_car_aggr5.0,40031.69,lane_entry_E,lane_exit_C,40156.06,18.76,car_aggr5
r_and_alt_1_11_car_aggr4.0,40038.62,lane_entry_E,lane_exit_C,40160.02,18.96,car_aggr4
r_and_alt_1_11_small_truck.0,40228.17,lane_entry_E,lane_exit_C,40356.69,17.43,small_truck
r_and_alt_1_11_car_aggr4.1,40234.61,lane_entry_E,lane_exit_C,40360.37,17.94,car_aggr4
r_and_alt_1_11_small_truck.1,40460.73,lane_entry_E,lane_exit_C,40595.84,17.86,small_truck
r_and_alt_1_11_small_truck.2,40494.19,lane_entry_E,lane_exit_C,40619.36,17.93,small_truck
r_and_alt_1_11_small_truck.3,40504.08,lane_entry_E,lane_exit_C,40626.85,19.1,small_truck
r_and_alt_1_11_car_aggr1.0,40591.86,lane_entry_E,lane_exit_C,40706.08,20.0,car_aggr1
r_and_alt_1_11_car_aggr3.1,40596.64,lane_entry_E,lane_exit_C,40715.77,19.03,car_aggr3
r_and_alt_1_11_big_truck.0,40618.88,lane_entry_E,lane_exit_C,40751.01,17.7,big_truck
r_and_alt_1_11_car_aggr5.1,40670.36,lane_entry_E,lane_exit_C,40796.35,18.61,car_aggr5
r_and_alt_1_11_car_aggr1.1,40686.7,lane_entry_E,lane_exit_C,40825.9,16.59,car_aggr1
r_and_alt_1_11_car_aggr1.2,40692.74,lane_entry_E,lane_exit_C,40831.62,16.26,car_aggr1
r_and_alt_1_11_car_aggr3.2,40803.83,lane_entry_E,lane_exit_C,40935.11,17.22,car_aggr3
r_and_alt_1_11_car_aggr3.3,40859.85,lane_entry_E,lane_exit_C,40990.96,17.46,car_aggr3
r_and_alt_1_11_car_aggr2.0,41204.62,lane_entry_E,lane_exit_C,41353.93,15.46,car_aggr2
r_and_alt_1_11_car_aggr2.1,41325.35,lane_entry_E,lane_exit_C,41459.69,17.31,car_aggr2
r_and_alt_1_11_car_aggr3.4,41427.7,lane_entry_E,lane_exit_C,41556.6,18.28,car_aggr3
r_and_alt_1_11_car_aggr5.2,41500.44,lane_entry_E,lane_exit_C,41599.77,22.5,car_aggr5
r_and_alt_1_11_car_aggr2.2,41968.64,lane_entry_E,lane_exit_C,42104.47,16.71,car_aggr2
r_and_alt_1_11_car_aggr3.5,42102.53,lane_entry_E,lane_exit_C,42238.04,17.3,car_aggr3
r_and_alt_1_11_car_aggr1.3,42110.78,lane_entry_E,lane_exit_C,42244.92,16.56,car_aggr1
r_and_alt_1_11_car_aggr4.2,42114.57,lane_entry_E,lane_exit_C,42248.56,16.91,car_aggr4
r_and_alt_1_11_car_aggr3.6,42150.27,lane_entry_E,lane_exit_C,42255.88,21.38,car_aggr3
r_and_alt_1_11_car_aggr2.3,42180.89,lane_entry_E,lane_exit_C,42291.63,20.64,car_aggr2
r_and_alt_1_11_big_truck.1,42329.25,lane_entry_E,lane_exit_C,42486.92,14.75,big_truck
r_and_alt_1_11_car_aggr4.3,42335.27,lane_entry_E,lane_exit_C,42490.69,14.0,car_aggr4
r_and_alt_1_11_car_aggr3.7,42340.13,lane_entry_E,lane_exit_C,42495.16,15.0,car_aggr3
r_and_alt_1_11_car_aggr2.4,42738.54,lane_entry_E,lane_exit_C,42878.72,16.37,car_aggr2
r_and_alt_1_11_car_aggr3.8,42743.01,lane_entry_E,lane_exit_C,42882.89,16.28,car_aggr3
r_and_alt_1_11_small_truck.4,42746.96,lane_entry_E,lane_exit_C,42886.9,16.05,small_truck
r_and_alt_1_11_big_truck.2,42860.81,lane_entry_E,lane_exit_C,43000.97,16.32,big_truck
r_and_alt_1_11_small_truck.5,42962.54,lane_entry_E,lane_exit_C,43089.78,18.22,small_truck
r_and_alt_1_11_car_aggr2.5,43225.64,lane_entry_E,lane_exit_C,43346.02,18.82,car_aggr2
r_and_alt_1_11_car_aggr3.9,43314.19,lane_entry_E,lane_exit_C,43449.38,16.7,car_aggr3
r_and_alt_1_11_small_truck.6,43318.17,lane_entry_E,lane_exit_C,43453.66,17.33,small_truck
r_and_alt_1_11_small_truck.7,43325.0,lane_entry_E,lane_exit_C,43457.13,17.8,small_truck
r_and_alt_1_11_big_truck.3,43444.57,lane_entry_E,lane_exit_C,43576.93,17.42,big_truck
r_and_alt_1_11_small_truck.8,43448.75,lane_entry_E,lane_exit_C,43580.46,17.13,small_truck
r_and_alt_1_11_car_aggr3.10,43637.49,lane_entry_E,lane_exit_C,43796.7,14.92,car_aggr3
r_and_alt_1_11_car_aggr3.11,43643.3,lane_entry_E,lane_exit_C,43801.04,14.99,car_aggr3
r_and_alt_1_12_car_aggr3.0,43647.87,lane_entry_E,lane_exit_C,43805.28,13.8,car_aggr3
r_and_alt_1_12_car_aggr3.1,43756.03,lane_entry_E,lane_exit_C,43859.12,22.49,car_aggr3
r_and_alt_1_12_car_aggr2.0,43864.51,lane_entry_E,lane_exit_C,43985.3,19.44,car_aggr2
r_and_alt_1_12_car_aggr3.2,44067.81,lane_entry_E,lane_exit_C,44216.8,15.27,car_aggr3
r_and_alt_1_12_car_aggr2.1,44125.07,lane_entry_E,lane_exit_C,44232.09,21.42,car_aggr2
r_and_alt_1_12_big_truck.0,44249.69,lane_entry_E,lane_exit_C,44389.91,16.71,big_truck
r_and_alt_1_12_car_aggr2.2,44255.73,lane_entry_E,lane_exit_C,44395.15,16.79,car_aggr2
r_and_alt_1_12_car_aggr2.3,44295.5,lane_entry_E,lane_exit_C,44419.9,18.74,car_aggr2
r_and_alt_1_12_car_aggr3.3,44535.2,lane_entry_E,lane_exit_C,44654.1,18.79,car_aggr3
r_and_alt_1_12_car_aggr3.4,44780.0,lane_entry_E,lane_exit_C,44922.55,16.25,car_aggr3
r_and_alt_1_12_big_truck.1,44821.35,lane_entry_E,lane_exit_C,44954.14,17.71,big_truck
r_and_alt_1_12_car_aggr4.0,44910.6,lane_entry_E,lane_exit_C,45008.5,23.43,car_aggr4
r_and_alt_1_12_car_aggr3.5,45090.93,lane_entry_E,lane_exit_C,45236.1,15.16,car_aggr3
r_and_alt_1_12_big_truck.2,45199.55,lane_entry_E,lane_exit_C,45341.98,16.09,big_truck
r_and_alt_1_12_car_aggr4.1,45287.37,lane_entry_E,lane_exit_C,45414.63,17.35,car_aggr4
r_and_alt_1_12_car_aggr2.4,45410.8,lane_entry_E,lane_exit_C,45565.89,14.8,car_aggr2
r_and_alt_1_12_car_aggr2.5,45523.55,lane_entry_E,lane_exit_C,45673.53,15.24,car_aggr2
r_and_alt_1_12_small_truck.0,45530.2,lane_entry_E,lane_exit_C,45677.17,15.53,small_truck
r_and_alt_1_12_car_aggr3.6,45682.35,lane_entry_E,lane_exit_C,45810.48,19.03,car_aggr3
r_and_alt_1_12_car_aggr3.7,45686.62,lane_entry_E,lane_exit_C,45814.57,19.68,car_aggr3
r_and_alt_1_12_car_aggr5.0,45713.58,lane_entry_E,lane_exit_C,45827.08,20.24,car_aggr5
r_and_alt_1_12_big_truck.3,46212.69,lane_entry_E,lane_exit_C,46377.16,14.66,big_truck
r_and_alt_1_12_car_aggr5.1,46216.82,lane_entry_E,lane_exit_C,46380.36,15.22,car_aggr5
r_and_alt_1_12_car_aggr3.8,46234.88,lane_entry_E,lane_exit_C,46385.19,15.32,car_aggr3
r_and_alt_1_12_car_aggr2.6,46599.69,lane_entry_E,lane_exit_C,46738.87,16.25,car_aggr2
r_and_alt_1_12_car_aggr4.2,46662.4,lane_entry_E,lane_exit_C,46801.62,15.69,car_aggr4
r_and_alt_1_12_car_aggr5.2,46665.68,lane_entry_E,lane_exit_C,46804.78,17.05,car_aggr5
r_and_alt_1_12_car_aggr1.0,46688.1,lane_entry_E,lane_exit_C,46815.69,18.21,car_aggr1
r_and_alt_1_12_car_aggr2.7,46777.41,lane_entry_E,lane_exit_C,46904.12,18.19,car_aggr2
r_and_alt_1_12_car_aggr3.9,46958.15,lane_entry_E,lane_exit_C,47080.81,18.57,car_aggr3
r_and_alt_1_13_car_aggr4.0,47224.02,lane_entry_E,lane_exit_C,47342.05,19.05,car_aggr4
r_and_alt_1_13_car_aggr2.0,47588.77,lane_entry_E,lane_exit_C,47738.24,15.1,car_aggr2
r_and_alt_1_13_car_aggr1.0,47595.42,lane_entry_E,lane_exit_C,47744.69,15.17,car_aggr1
r_and_alt_1_13_car_aggr3.0,47600.04,lane_entry_E,lane_exit_C,47748.96,15.88,car_aggr3
r_and_alt_1_13_car_aggr5.0,48412.8,lane_entry_E,lane_exit_C,48518.35,21.98,car_aggr5
r_and_alt_1_13_car_aggr4.1,48503.31,lane_entry_E,lane_exit_C,48607.98,21.95,car_aggr4
r_and_alt_1_13_car_aggr2.1,48568.58,lane_entry_E,lane_exit_C,48687.84,19.97,car_aggr2
r_and_alt_1_13_car_aggr3.1,48622.71,lane_entry_E,lane_exit_C,48752.39,16.93,car_aggr3
r_and_alt_1_13_car_aggr3.2,48632.85,lane_entry_E,lane_exit_C,48757.22,17.9,car_aggr3
r_and_alt_1_13_big_truck.0,48747.18,lane_entry_E,lane_exit_C,48881.76,16.94,big_truck
r_and_alt_1_13_car_aggr5.1,48860.32,lane_entry_E,lane_exit_C,48974.96,20.41,car_aggr5
r_and_alt_1_13_motorbike.0,48864.13,lane_entry_E,lane_exit_C,48980.19,20.5,motorbike
r_and_alt_1_13_car_aggr3.3,49102.86,lane_entry_E,lane_exit_C,49239.42,17.56,car_aggr3
r_and_alt_1_13_car_aggr2.2,49341.86,lane_entry_E,lane_exit_C,49473.09,17.41,car_aggr2
r_and_alt_1_13_car_aggr2.3,49452.29,lane_entry_E,lane_exit_C,49566.7,19.73,car_aggr2
r_and_alt_1_13_motorbike.1,49652.38,lane_entry_E,lane_exit_C,49770.64,18.3,motorbike
r_and_alt_1_13_car_aggr3.4,49813.55,lane_entry_E,lane_exit_C,49942.57,18.01,car_aggr3
r_and_alt_1_13_car_aggr4.2,50082.62,lane_entry_E,lane_exit_C,50211.03,17.62,car_aggr4
r_and_alt_1_13_car_aggr1.1,50207.61,lane_entry_E,lane_exit_C,50319.44,20.38,car_aggr1
r_and_alt_1_13_small_truck.0,50255.58,lane_entry_E,lane_exit_C,50366.81,20.33,small_truck
r_and_alt_1_13_car_aggr4.3,50470.23,lane_entry_E,lane_exit_C,50621.27,15.72,car_aggr4
r_and_alt_1_13_big_truck.1,50475.39,lane_entry_E,lane_exit_C,50626.99,15.49,big_truck
r_and_alt_1_13_small_truck.1,50617.08,lane_entry_E,lane_exit_C,50753.57,16.32,small_truck
r_and_alt_1_14_car_aggr2.0,50921.78,lane_entry_E,lane_exit_C,51081.29,14.64,car_aggr2
r_and_alt_1_14_car_aggr3.0,50926.41,lane_entry_E,lane_exit_C,51085.51,13.53,car_aggr3
r_and_alt_1_14_car_aggr3.1,51022.13,lane_entry_E,lane_exit_C,51146.68,18.4,car_aggr3
r_and_alt_1_14_car_aggr2.1,51027.98,lane_entry_E,lane_exit_C,51152.32,18.52,car_aggr2
r_and_alt_1_14_big_truck.0,51288.3,lane_entry_E,lane_exit_C,51422.44,17.44,big_truck
r_and_alt_1_14_car_aggr4.0,51292.68,lane_entry_E,lane_exit_C,51426.14,17.42,car_aggr4
r_and_alt_1_14_car_aggr5.0,51468.59,lane_entry_E,lane_exit_C,51584.51,19.35,car_aggr5
r_and_alt_1_14_motorbike.0,51583.29,lane_entry_E,lane_exit_C,51701.8,18.56,motorbike
r_and_alt_1_14_car_aggr3.2,51749.29,lane_entry_E,lane_exit_C,51853.75,21.38,car_aggr3
r_and_alt_1_14_car_aggr3.3,51753.73,lane_entry_E,lane_exit_C,51865.73,20.21,car_aggr3
r_and_alt_1_14_car_aggr2.2,51984.11,lane_entry_E,lane_exit_C,52118.99,17.41,car_aggr2
r_and_alt_1_14_car_aggr3.4,51988.54,lane_entry_E,lane_exit_C,52123.17,17.74,car_aggr3
r_and_alt_1_14_car_aggr2.3,52048.8,lane_entry_E,lane_exit_C,52168.72,19.21,car_aggr2
r_and_alt_1_14_car_aggr5.1,52052.07,lane_entry_E,lane_exit_C,52171.78,19.77,car_aggr5
r_and_alt_1_14_car_aggr3.5,52149.88,lane_entry_E,lane_exit_C,52280.74,17.53,car_aggr3
r_and_alt_1_14_small_truck.0,52223.14,lane_entry_E,lane_exit_C,52356.95,17.2,small_truck
r_and_alt_1_14_car_aggr4.1,52227.11,lane_entry_E,lane_exit_C,52360.57,16.86,car_aggr4
r_and_alt_1_14_car_aggr3.6,52298.36,lane_entry_E,lane_exit_C,52420.56,19.05,car_aggr3
r_and_alt_1_14_car_aggr5.2,52514.59,lane_entry_E,lane_exit_C,52662.72,16.43,car_aggr5
r_and_alt_1_14_car_aggr3.7,52520.33,lane_entry_E,lane_exit_C,52667.5,16.74,car_aggr3
r_and_alt_1_14_car_aggr3.8,52593.53,lane_entry_E,lane_exit_C,52729.96,16.1,car_aggr3
r_and_alt_1_14_car_aggr3.9,52648.05,lane_entry_E,lane_exit_C,52786.82,16.02,car_aggr3
r_and_alt_1_14_car_aggr2.4,52680.4,lane_entry_E,lane_exit_C,52807.15,18.5,car_aggr2
r_and_alt_1_14_car_aggr3.10,52868.25,lane_entry_E,lane_exit_C,52991.23,18.84,car_aggr3
r_and_alt_1_14_car_aggr3.11,52872.65,lane_entry_E,lane_exit_C,52995.3,19.1,car_aggr3
r_and_alt_1_14_motorbike.1,52935.72,lane_entry_E,lane_exit_C,53074.56,16.13,motorbike
r_and_alt_1_14_car_aggr3.12,52953.33,lane_entry_E,lane_exit_C,53079.23,17.21,car_aggr3
r_and_alt_1_14_big_truck.1,52998.1,lane_entry_E,lane_exit_C,53132.28,17.39,big_truck
r_and_alt_1_14_car_aggr5.3,53071.77,lane_entry_E,lane_exit_C,53192.04,19.48,car_aggr5
r_and_alt_1_14_car_aggr3.13,53076.49,lane_entry_E,lane_exit_C,53196.84,18.43,car_aggr3
r_and_alt_1_14_car_aggr3.14,53476.18,lane_entry_E,lane_exit_C,53600.08,18.11,car_aggr3
r_and_alt_1_14_small_truck.1,53574.62,lane_entry_E,lane_exit_C,53699.65,18.44,small_truck
r_and_alt_1_14_car_aggr4.2,53734.11,lane_entry_E,lane_exit_C,53909.59,12.95,car_aggr4
r_and_alt_1_14_big_truck.2,53884.56,lane_entry_E,lane_exit_C,54027.79,15.68,big_truck
r_and_alt_1_14_car_aggr4.3,53905.72,lane_entry_E,lane_exit_C,54031.58,15.69,car_aggr4
r_and_alt_1_14_car_aggr5.4,53908.99,lane_entry_E,lane_exit_C,54034.74,16.21,car_aggr5
r_and_alt_1_14_big_truck.3,54038.18,lane_entry_E,lane_exit_C,54179.14,16.42,big_truck
r_and_alt_1_14_car_aggr4.4,54042.63,lane_entry_E,lane_exit_C,54182.89,16.22,car_aggr4
r_and_alt_1_14_car_aggr3.15,54178.84,lane_entry_E,lane_exit_C,54286.47,20.83,car_aggr3
r_and_alt_1_14_car_aggr3.16,54290.26,lane_entry_E,lane_exit_C,54424.69,16.62,car_aggr3
r_and_alt_1_14_car_aggr3.17,54351.49,lane_entry_E,lane_exit_C,54469.43,18.81,car_aggr3
r_and_alt_1_14_car_aggr5.5,54354.65,lane_entry_E,lane_exit_C,54472.48,19.85,car_aggr5
r_and_alt_1_15_car_aggr5.0,54660.74,lane_entry_E,lane_exit_C,54780.54,19.81,car_aggr5
r_and_alt_1_15_car_aggr5.1,54757.91,lane_entry_E,lane_exit_C,54854.1,23.76,car_aggr5
r_and_alt_1_15_car_aggr5.2,54761.49,lane_entry_E,lane_exit_C,54866.8,22.32,car_aggr5
r_and_alt_1_15_car_aggr3.0,54830.81,lane_entry_E,lane_exit_C,54951.68,18.69,car_aggr3
r_and_alt_1_15_car_aggr4.0,54897.3,lane_entry_E,lane_exit_C,55030.29,17.53,car_aggr4
r_and_alt_1_15_car_aggr2.0,54943.18,lane_entry_E,lane_exit_C,55061.85,19.12,car_aggr2
r_and_alt_1_15_car_aggr3.1,55094.49,lane_entry_E,lane_exit_C,55230.55,16.59,car_aggr3
r_and_alt_1_15_car_aggr5.3,55097.78,lane_entry_E,lane_exit_C,55233.66,16.75,car_aggr5
r_and_alt_1_15_big_truck.0,55469.47,lane_entry_E,lane_exit_C,55615.69,15.43,big_truck
r_and_alt_1_15_car_aggr2.1,55580.98,lane_entry_E,lane_exit_C,55712.85,19.08,car_aggr2
r_and_alt_1_15_car_aggr2.2,55667.97,lane_entry_E,lane_exit_C,55771.47,22.07,car_aggr2
r_and_alt_1_15_car_aggr3.2,56086.36,lane_entry_E,lane_exit_C,56200.9,20.57,car_aggr3
r_and_alt_1_15_car_aggr2.3,56198.71,lane_entry_E,lane_exit_C,56311.51,20.28,car_aggr2
r_and_alt_1_15_car_aggr2.4,56401.74,lane_entry_E,lane_exit_C,56541.39,16.47,car_aggr2
r_and_alt_1_15_car_aggr4.1,56505.86,lane_entry_E,lane_exit_C,56623.1,19.88,car_aggr4
r_and_alt_1_15_small_truck.0,56844.08,lane_entry_E,lane_exit_C,56976.65,17.76,small_truck
r_and_alt_1_15_car_aggr3.3,56865.29,lane_entry_E,lane_exit_C,56989.28,18.82,car_aggr3
r_and_alt_1_15_car_aggr3.4,56955.79,lane_entry_E,lane_exit_C,57075.39,19.54,car_aggr3
r_and_alt_1_15_car_aggr3.5,57255.71,lane_entry_E,lane_exit_C,57380.73,18.58,car_aggr3
r_and_alt_1_15_big_truck.1,57351.49,lane_entry_E,lane_exit_C,57491.83,16.75,big_truck
r_and_alt_1_15_car_aggr4.2,57429.76,lane_entry_E,lane_exit_C,57558.42,17.11,car_aggr4
r_and_alt_1_15_car_aggr4.3,57433.62,lane_entry_E,lane_exit_C,57562.06,17.18,car_aggr4
r_and_alt_1_15_car_aggr2.5,57458.71,lane_entry_E,lane_exit_C,57587.44,17.31,car_aggr2
r_and_alt_1_15_car_aggr5.4,57650.28,lane_entry_E,lane_exit_C,57777.5,19.7,car_aggr5
r_and_alt_1_15_small_truck.1,57883.72,lane_entry_E,lane_exit_C,58021.14,16.49,small_truck
r_and_alt_1_15_car_aggr2.6,57889.36,lane_entry_E,lane_exit_C,58026.26,16.95,car_aggr2
r_and_alt_1_16_car_aggr5.0,58056.48,lane_entry_E,lane_exit_C,58171.46,20.35,car_aggr5
r_and_alt_1_16_car_aggr3.0,58160.85,lane_entry_E,lane_exit_C,58290.41,18.13,car_aggr3
r_and_alt_1_16_car_aggr3.1,58172.65,lane_entry_E,lane_exit_C,58294.54,18.23,car_aggr3
r_and_alt_1_16_car_aggr4.0,58176.39,lane_entry_E,lane_exit_C,58298.26,17.74,car_aggr4
r_and_alt_1_16_car_aggr5.1,58260.73,lane_entry_E,lane_exit_C,58378.15,19.49,car_aggr5
r_and_alt_1_16_car_aggr4.1,58736.41,lane_entry_E,lane_exit_C,58856.12,20.66,car_aggr4
r_and_alt_1_16_car_aggr3.2,58802.36,lane_entry_E,lane_exit_C,58931.91,17.13,car_aggr3
r_and_alt_1_16_car_aggr1.0,58932.29,lane_entry_E,lane_exit_C,59047.46,19.86,car_aggr1
r_and_alt_1_16_car_aggr5.2,59044.74,lane_entry_E,lane_exit_C,59164.94,18.18,car_aggr5
r_and_alt_1_16_car_aggr2.0,59136.26,lane_entry_E,lane_exit_C,59276.73,16.19,car_aggr2
r_and_alt_1_16_small_truck.0,59313.28,lane_entry_E,lane_exit_C,59427.66,19.83,small_truck
r_and_alt_1_16_car_aggr4.2,59545.8,lane_entry_E,lane_exit_C,59662.54,21.26,car_aggr4
r_and_alt_1_16_small_truck.1,59597.67,lane_entry_E,lane_exit_C,59717.06,19.75,small_truck
r_and_alt_1_16_car_aggr5.3,59792.68,lane_entry_E,lane_exit_C,59912.27,19.67,car_aggr5
r_and_alt_1_16_car_aggr4.3,59826.55,lane_entry_E,lane_exit_C,59933.31,21.0,car_aggr4
r_and_alt_1_16_car_aggr5.4,59972.7,lane_entry_E,lane_exit_C,60060.41,26.17,car_aggr5
r_and_alt_1_16_big_truck.0,60160.68,lane_entry_E,lane_exit_C,60309.06,15.46,big_truck
r_and_alt_1_16_car_aggr3.3,60284.54,lane_entry_E,lane_exit_C,60427.5,16.3,car_aggr3
r_and_alt_1_16_big_truck.1,60295.3,lane_entry_E,lane_exit_C,60433.51,16.83,big_truck
r_and_alt_1_16_car_aggr2.1,60449.63,lane_entry_E,lane_exit_C,60562.5,20.9,car_aggr2
r_and_alt_1_16_car_aggr4.4,60523.37,lane_entry_E,lane_exit_C,60654.58,16.81,car_aggr4
r_and_alt_1_16_small_truck.2,60527.55,lane_entry_E,lane_exit_C,60662.51,18.65,small_truck
r_and_alt_1_16_car_aggr2.2,60533.1,lane_entry_E,lane_exit_C,60667.63,19.54,car_aggr2
r_and_alt_1_16_car_aggr3.4,60734.75,lane_entry_E,lane_exit_C,60832.52,23.1,car_aggr3
r_and_alt_1_16_car_aggr2.3,61043.83,lane_entry_E,lane_exit_C,61185.64,16.59,car_aggr2
r_and_alt_1_16_small_truck.3,61352.55,lane_entry_E,lane_exit_C,61465.89,20.64,small_truck
r_and_alt_1_16_small_truck.4,61407.96,lane_entry_E,lane_exit_C,61526.45,19.47,small_truck
r_and_alt_1_16_car_aggr3.5,61484.5,lane_entry_E,lane_exit_C,61610.66,18.53,car_aggr3
r_and_alt_1_16_car_aggr4.5,61488.28,lane_entry_E,lane_exit_C,61614.24,18.69,car_aggr4
r_and_alt_1_17_car_aggr3.0,61579.86,lane_entry_E,lane_exit_C,61690.09,20.79,car_aggr3
r_and_alt_1_17_small_truck.0,61640.7,lane_entry_E,lane_exit_C,61755.72,19.64,small_truck
r_and_alt_1_17_car_aggr4.0,61683.65,lane_entry_E,lane_exit_C,61794.42,20.96,car_aggr4
r_and_alt_1_17_small_truck.1,61800.24,lane_entry_E,lane_exit_C,61927.32,17.89,small_truck
r_and_alt_1_17_car_aggr3.1,61804.68,lane_entry_E,lane_exit_C,61931.45,17.92,car_aggr3
r_and_alt_1_17_car_aggr4.1,61819.72,lane_entry_E,lane_exit_C,61935.09,17.9,car_aggr4
r_and_alt_1_17_car_aggr1.0,61879.39,lane_entry_E,lane_exit_C,62020.3,17.41,car_aggr1
r_and_alt_1_17_car_aggr3.2,61971.42,lane_entry_E,lane_exit_C,62122.59,15.27,car_aggr3
r_and_alt_1_17_car_aggr3.3,62031.67,lane_entry_E,lane_exit_C,62152.26,18.28,car_aggr3
r_and_alt_1_17_car_aggr5.0,62307.95,lane_entry_E,lane_exit_C,62427.61,19.07,car_aggr5
r_and_alt_1_17_car_aggr3.4,62349.56,lane_entry_E,lane_exit_C,62481.26,16.67,car_aggr3
r_and_alt_1_17_car_aggr2.0,62448.76,lane_entry_E,lane_exit_C,62577.79,17.93,car_aggr2
r_and_alt_1_17_car_aggr2.1,62546.05,lane_entry_E,lane_exit_C,62684.33,16.27,car_aggr2
r_and_alt_1_17_car_aggr3.5,62583.25,lane_entry_E,lane_exit_C,62715.43,17.0,car_aggr3
r_and_alt_1_17_car_aggr3.6,62594.09,lane_entry_E,lane_exit_C,62719.57,17.14,car_aggr3
r_and_alt_1_17_small_truck.2,62652.7,lane_entry_E,lane_exit_C,62778.89,18.48,small_truck
r_and_alt_1_17_car_aggr4.2,62656.58,lane_entry_E,lane_exit_C,62782.51,18.77,car_aggr4
r_and_alt_1_17_car_aggr3.7,62745.63,lane_entry_E,lane_exit_C,62865.77,19.01,car_aggr3
r_and_alt_1_17_car_aggr3.8,62830.4,lane_entry_E,lane_exit_C,62936.81,21.82,car_aggr3
r_and_alt_1_17_small_truck.3,62915.22,lane_entry_E,lane_exit_C,63042.47,17.94,small_truck
r_and_alt_1_17_small_truck.4,62952.12,lane_entry_E,lane_exit_C,63080.32,17.36,small_truck
r_and_alt_1_17_car_aggr4.3,62956.03,lane_entry_E,lane_exit_C,63083.97,17.22,car_aggr4
r_and_alt_1_17_car_aggr2.2,63035.23,lane_entry_E,lane_exit_C,63154.86,19.39,car_aggr2
r_and_alt_1_17_car_aggr2.3,63296.95,lane_entry_E,lane_exit_C,63424.02,18.12,car_aggr2
r_and_alt_1_17_car_aggr4.4,63300.67,lane_entry_E,lane_exit_C,63427.65,17.82,car_aggr4
r_and_alt_1_17_car_aggr3.9,63319.59,lane_entry_E,lane_exit_C,63436.04,19.03,car_aggr3
r_and_alt_1_17_car_aggr1.1,63475.07,lane_entry_E,lane_exit_C,63602.88,18.06,car_aggr1
r_and_alt_1_17_car_aggr2.4,63676.1,lane_entry_E,lane_exit_C,63842.15,13.81,car_aggr2
r_and_alt_1_17_small_truck.5,63679.91,lane_entry_E,lane_exit_C,63845.84,14.23,small_truck
r_and_alt_1_17_car_aggr3.10,63684.61,lane_entry_E,lane_exit_C,63850.12,14.04,car_aggr3
r_and_alt_1_17_car_aggr3.11,63689.22,lane_entry_E,lane_exit_C,63854.34,13.6,car_aggr3
r_and_alt_1_17_small_truck.6,63693.24,lane_entry_E,lane_exit_C,63858.38,13.61,small_truck
r_and_alt_1_17_car_aggr3.12,63699.99,lane_entry_E,lane_exit_C,63862.74,13.85,car_aggr3
r_and_alt_1_17_car_aggr5.1,63744.81,lane_entry_E,lane_exit_C,63866.09,14.3,car_aggr5
r_and_alt_1_17_car_aggr3.13,63861.88,lane_entry_E,lane_exit_C,64011.34,15.79,car_aggr3
r_and_alt_1_17_car_aggr2.5,63867.68,lane_entry_E,lane_exit_C,64016.98,15.15,car_aggr2
r_and_alt_1_17_car_aggr4.5,63875.02,lane_entry_E,lane_exit_C,64020.66,15.02,car_aggr4
r_and_alt_1_17_car_aggr4.6,63878.83,lane_entry_E,lane_exit_C,64024.42,14.64,car_aggr4
r_and_alt_1_17_car_aggr2.6,63966.18,lane_entry_E,lane_exit_C,64110.08,16.37,car_aggr2
r_and_alt_1_17_car_aggr2.7,63971.72,lane_entry_E,lane_exit_C,64115.35,16.7,car_aggr2
r_and_alt_1_17_small_truck.7,64065.67,lane_entry_E,lane_exit_C,64193.09,17.97,small_truck
r_and_alt_1_17_car_aggr4.7,64069.55,lane_entry_E,lane_exit_C,64196.73,18.17,car_aggr4
r_and_alt_1_17_car_aggr2.8,64362.06,lane_entry_E,lane_exit_C,64493.29,17.8,car_aggr2
r_and_alt_1_17_small_truck.8,64386.79,lane_entry_E,lane_exit_C,64518.33,17.99,small_truck
r_and_alt_1_17_car_aggr3.14,64459.26,lane_entry_E,lane_exit_C,64571.38,21.04,car_aggr3
r_and_alt_1_17_car_aggr1.2,64639.25,lane_entry_E,lane_exit_C,64770.18,17.09,car_aggr1
r_and_alt_1_17_small_truck.9,64642.89,lane_entry_E,lane_exit_C,64773.75,17.12,small_truck
r_and_alt_1_17_big_truck.0,64802.25,lane_entry_E,lane_exit_C,64937.93,17.15,big_truck
r_and_alt_1_17_car_aggr3.15,64857.85,lane_entry_E,lane_exit_C,64997.96,15.76,car_aggr3
r_and_alt_1_17_car_aggr5.2,64888.29,lane_entry_E,lane_exit_C,65001.16,15.45,car_aggr5
r_and_alt_1_17_car_aggr3.16,64958.29,lane_entry_E,lane_exit_C,65082.28,18.37,car_aggr3
r_and_alt_1_17_car_aggr3.17,65000.17,lane_entry_E,lane_exit_C,65104.81,21.69,car_aggr3
r_and_alt_1_17_car_aggr1.3,65105.31,lane_entry_E,lane_exit_C,65225.33,18.98,car_aggr1
r_and_alt_1_18_big_truck.0,65280.78,lane_entry_E,lane_exit_C,65435.95,14.74,big_truck
r_and_alt_1_18_car_aggr5.0,65315.44,lane_entry_E,lane_exit_C,65439.11,15.16,car_aggr5
r_and_alt_1_18_big_truck.1,65436.23,lane_entry_E,lane_exit_C,65564.46,17.79,big_truck
r_and_alt_1_18_car_aggr3.0,65441.1,lane_entry_E,lane_exit_C,65568.6,18.24,car_aggr3
r_and_alt_1_18_car_aggr3.1,65448.58,lane_entry_E,lane_exit_C,65572.75,18.06,car_aggr3
r_and_alt_1_18_big_truck.2,65560.56,lane_entry_E,lane_exit_C,65711.33,15.12,big_truck
r_and_alt_1_18_car_aggr4.0,65598.12,lane_entry_E,lane_exit_C,65715.04,14.66,car_aggr4
r_and_alt_1_18_small_truck.0,65800.49,lane_entry_E,lane_exit_C,65935.53,16.62,small_truck
r_and_alt_1_18_car_aggr4.1,65804.58,lane_entry_E,lane_exit_C,65939.11,16.7,car_aggr4
r_and_alt_1_18_car_aggr2.0,65926.69,lane_entry_E,lane_exit_C,66079.36,15.51,car_aggr2
r_and_alt_1_18_car_aggr5.1,65994.14,lane_entry_E,lane_exit_C,66115.35,19.18,car_aggr5
r_and_alt_1_18_motorbike.0,66197.52,lane_entry_E,lane_exit_C,66341.69,17.48,motorbike
r_and_alt_1_18_car_aggr2.1,66203.39,lane_entry_E,lane_exit_C,66347.83,17.02,car_aggr2
r_and_alt_1_18_motorbike.1,66302.15,lane_entry_E,lane_exit_C,66435.06,16.43,motorbike
r_and_alt_1_18_car_aggr3.2,66319.51,lane_entry_E,lane_exit_C,66451.2,17.02,car_aggr3
r_and_alt_1_18_small_truck.1,66332.15,lane_entry_E,lane_exit_C,66460.29,17.3,small_truck
r_and_alt_1_18_car_aggr2.2,66337.7,lane_entry_E,lane_exit_C,66465.55,18.24,car_aggr2
r_and_alt_1_18_car_aggr3.3,66456.52,lane_entry_E,lane_exit_C,66577.15,18.52,car_aggr3
r_and_alt_1_18_car_aggr4.2,66462.62,lane_entry_E,lane_exit_C,66580.8,18.65,car_aggr4
r_and_alt_1_18_car_aggr3.4,66477.93,lane_entry_E,lane_exit_C,66595.64,20.67,car_aggr3
r_and_alt_1_18_car_aggr5.2,66489.68,lane_entry_E,lane_exit_C,66598.71,20.13,car_aggr5
r_and_alt_1_18_car_aggr1.0,66598.01,lane_entry_E,lane_exit_C,66726.74,18.0,car_aggr1
r_and_alt_1_18_car_aggr4.3,66601.77,lane_entry_E,lane_exit_C,66730.41,17.72,car_aggr4
r_and_alt_1_18_car_aggr2.3,66614.03,lane_entry_E,lane_exit_C,66736.32,17.45,car_aggr2
r_and_alt_1_18_car_aggr3.5,66618.4,lane_entry_E,lane_exit_C,66740.57,16.95,car_aggr3
r_and_alt_1_18_car_aggr1.1,66828.11,lane_entry_E,lane_exit_C,66971.06,17.7,car_aggr1
r_and_alt_1_18_car_aggr1.2,66839.46,lane_entry_E,lane_exit_C,66976.75,16.92,car_aggr1
r_and_alt_1_18_car_aggr3.6,66844.05,lane_entry_E,lane_exit_C,66981.03,17.8,car_aggr3
r_and_alt_1_18_car_aggr4.4,66896.19,lane_entry_E,lane_exit_C,66988.96,25.43,car_aggr4
r_and_alt_1_18_car_aggr3.7,67097.31,lane_entry_E,lane_exit_C,67211.03,20.26,car_aggr3
r_and_alt_1_18_small_truck.2,67152.18,lane_entry_E,lane_exit_C,67282.46,17.19,small_truck
r_and_alt_1_18_car_aggr2.4,67339.85,lane_entry_E,lane_exit_C,67471.08,17.89,car_aggr2
r_and_alt_1_18_motorbike.2,67344.46,lane_entry_E,lane_exit_C,67483.26,15.35,motorbike
r_and_alt_1_18_car_aggr2.5,67518.55,lane_entry_E,lane_exit_C,67647.66,18.16,car_aggr2
r_and_alt_1_18_car_aggr3.8,67522.78,lane_entry_E,lane_exit_C,67651.75,17.64,car_aggr3
r_and_alt_1_18_car_aggr2.6,67556.74,lane_entry_E,lane_exit_C,67693.61,16.63,car_aggr2
r_and_alt_1_18_car_aggr3.9,67606.1,lane_entry_E,lane_exit_C,67739.02,17.41,car_aggr3
r_and_alt_1_18_car_aggr2.7,67644.95,lane_entry_E,lane_exit_C,67783.9,16.09,car_aggr2
r_and_alt_1_18_car_aggr5.3,67651.03,lane_entry_E,lane_exit_C,67787.06,16.54,car_aggr5
r_and_alt_1_18_car_aggr3.10,67830.81,lane_entry_E,lane_exit_C,67946.74,19.78,car_aggr3
r_and_alt_1_18_car_aggr3.11,67912.24,lane_entry_E,lane_exit_C,68037.11,19.95,car_aggr3
r_and_alt_1_18_car_aggr2.8,68024.17,lane_entry_E,lane_exit_C,68147.7,18.48,car_aggr2
r_and_alt_1_18_car_aggr3.12,68301.85,lane_entry_E,lane_exit_C,68423.69,18.68,car_aggr3
r_and_alt_1_18_car_aggr5.4,68435.89,lane_entry_E,lane_exit_C,68557.77,18.43,car_aggr5
r_and_alt_1_18_car_aggr2.9,68570.0,lane_entry_E,lane_exit_C,68693.96,18.65,car_aggr2
r_and_alt_1_18_motorbike.3,68677.83,lane_entry_E,lane_exit_C,68805.56,17.95,motorbike
r_and_alt_1_18_car_aggr4.5,68712.76,lane_entry_E,lane_exit_C,68824.38,20.06,car_aggr4
r_and_alt_1_18_car_aggr4.6,68716.45,lane_entry_E,lane_exit_C,68828.73,21.04,car_aggr4
r_and_alt_1_19_motorbike.0,68771.61,lane_entry_E,lane_exit_C,68887.27,18.69,motorbike
r_and_alt_1_19_car_aggr3.0,69013.51,lane_entry_E,lane_exit_C,69121.63,21.59,car_aggr3
r_and_alt_1_19_car_aggr5.0,69044.52,lane_entry_E,lane_exit_C,69157.91,19.7,car_aggr5
r_and_alt_1_19_car_aggr4.0,69048.75,lane_entry_E,lane_exit_C,69161.91,19.56,car_aggr4
r_and_alt_1_19_car_aggr3.1,69323.08,lane_entry_E,lane_exit_C,69441.26,19.71,car_aggr3
r_and_alt_1_19_car_aggr3.2,69492.86,lane_entry_E,lane_exit_C,69592.14,23.7,car_aggr3
r_and_alt_1_19_car_aggr2.0,69730.23,lane_entry_E,lane_exit_C,69834.51,22.27,car_aggr2
r_and_alt_1_19_car_aggr3.3,70014.0,lane_entry_E,lane_exit_C,70116.76,22.99,car_aggr3
r_and_alt_1_19_car_aggr3.4,70244.83,lane_entry_E,lane_exit_C,70363.55,18.64,car_aggr3
r_and_alt_1_19_car_aggr3.5,70604.85,lane_entry_E,lane_exit_C,70701.3,23.64,car_aggr3
r_and_alt_1_19_car_aggr2.1,71045.08,lane_entry_E,lane_exit_C,71159.23,19.77,car_aggr2
r_and_alt_1_19_car_aggr5.1,71755.8,lane_entry_E,lane_exit_C,71865.7,20.88,car_aggr5
r_and_alt_1_19_car_aggr3.6,71760.5,lane_entry_E,lane_exit_C,71874.08,20.1,car_aggr3
r_and_alt_1_19_car_aggr2.2,71892.07,lane_entry_E,lane_exit_C,72031.89,16.68,car_aggr2
r_and_alt_1_20_big_truck.0,72433.3,lane_entry_E,lane_exit_C,72570.06,17.2,big_truck
r_and_alt_1_20_car_aggr2.0,72636.52,lane_entry_E,lane_exit_C,72756.02,19.38,car_aggr2
r_and_alt_1_20_car_aggr3.0,74136.07,lane_entry_E,lane_exit_C,74257.4,19.46,car_aggr3
r_and_alt_1_20_car_aggr3.1,74309.58,lane_entry_E,lane_exit_C,74425.38,20.2,car_aggr3
r_and_alt_1_20_car_aggr4.0,74780.43,lane_entry_E,lane_exit_C,74895.47,20.34,car_aggr4
r_and_alt_1_20_car_aggr4.1,74903.2,lane_entry_E,lane_exit_C,75003.92,22.84,car_aggr4
r_and_alt_1_20_car_aggr3.2,75860.57,lane_entry_E,lane_exit_C,75966.98,22.02,car_aggr3
r_and_alt_1_21_car_aggr3.0,76068.17,lane_entry_E,lane_exit_C,76192.06,18.07,car_aggr3
r_and_alt_1_21_car_aggr3.1,76354.13,lane_entry_E,lane_exit_C,76469.41,20.12,car_aggr3
r_and_alt_1_21_car_aggr5.0,76357.34,lane_entry_E,lane_exit_C,76472.44,20.44,car_aggr5
r_and_alt_1_21_car_aggr2.0,77100.92,lane_entry_E,lane_exit_C,77216.33,20.41,car_aggr2
r_and_alt_1_21_car_aggr2.1,77569.39,lane_entry_E,lane_exit_C,77693.25,19.07,car_aggr2
r_and_alt_1_21_small_truck.0,78577.42,lane_entry_E,lane_exit_C,78690.69,20.22,small_truck
r_and_alt_1_22_car_aggr4.0,79790.67,lane_entry_E,lane_exit_C,79892.65,22.33,car_aggr4
r_and_alt_1_22_small_truck.0,80192.04,lane_entry_E,lane_exit_C,80326.3,16.75,small_truck
r_and_alt_1_22_big_truck.0,80877.03,lane_entry_E,lane_exit_C,81011.02,16.97,big_truck
r_and_alt_1_22_small_truck.1,82108.64,lane_entry_E,lane_exit_C,82227.8,18.92,small_truck
r_and_alt_1_22_car_aggr4.1,82236.35,lane_entry_E,lane_exit_C,82354.07,18.88,car_aggr4
r_and_alt_1_22_car_aggr5.0,82444.7,lane_entry_E,lane_exit_C,82578.99,16.53,car_aggr5
r_alt_and_1_6_car_aggr3.0,23619.59,lane_entry_C,lane_exit_E,23743.38,14.37,car_aggr3
r_alt_and_1_6_big_truck.0,24859.21,lane_entry_C,lane_exit_E,25014.19,11.59,big_truck
r_alt_and_1_6_car_aggr4.0,25008.89,lane_entry_C,lane_exit_E,25145.87,13.33,car_aggr4
r_alt_and_1_6_small_truck.0,25044.56,lane_entry_C,lane_exit_E,25171.48,13.42,small_truck
r_alt_and_1_6_car_aggr3.1,26102.88,lane_entry_C,lane_exit_E,26201.87,17.55,car_aggr3
r_alt_and_1_6_small_truck.1,26395.88,lane_entry_C,lane_exit_E,26517.39,14.06,small_truck
r_alt_and_1_7_car_aggr4.0,28492.43,lane_entry_C,lane_exit_E,28622.97,14.66,car_aggr4
r_alt_and_1_7_car_aggr1.0,28853.44,lane_entry_C,lane_exit_E,28972.52,14.73,car_aggr1
r_alt_and_1_10_car_aggr2.0,37987.1,lane_entry_C,lane_exit_E,38096.5,17.21,car_aggr2
r_alt_and_1_10_big_truck.0,38562.97,lane_entry_C,lane_exit_E,38708.6,11.93,big_truck
r_alt_and_1_10_car_aggr4.0,38567.11,lane_entry_C,lane_exit_E,38712.58,12.62,car_aggr4
r_alt_and_1_10_car_aggr3.0,38633.93,lane_entry_C,lane_exit_E,38770.4,12.73,car_aggr3
r_alt_and_1_10_car_aggr4.1,38637.59,lane_entry_C,lane_exit_E,38774.17,11.75,car_aggr4
r_alt_and_1_10_car_aggr3.1,38785.23,lane_entry_C,lane_exit_E,38912.65,10.47,car_aggr3
r_alt_and_1_10_car_aggr3.2,39049.37,lane_entry_C,lane_exit_E,39165.66,14.79,car_aggr3
r_alt_and_1_10_car_aggr3.3,39344.57,lane_entry_C,lane_exit_E,39457.6,14.98,car_aggr3
r_alt_and_1_10_car_aggr2.1,39697.79,lane_entry_C,lane_exit_E,39844.07,7.54,car_aggr2
r_alt_and_1_10_car_aggr4.2,39701.44,lane_entry_C,lane_exit_E,39849.16,7.83,car_aggr4
r_alt_and_1_10_car_aggr5.0,39704.61,lane_entry_C,lane_exit_E,39852.74,10.84,car_aggr5
r_alt_and_1_10_car_aggr3.4,40057.74,lane_entry_C,lane_exit_E,40169.82,15.44,car_aggr3
r_alt_and_1_10_car_aggr2.2,40323.68,lane_entry_C,lane_exit_E,40481.57,11.0,car_aggr2
r_alt_and_1_10_car_aggr2.3,40328.91,lane_entry_C,lane_exit_E,40487.08,11.34,car_aggr2
r_alt_and_1_10_car_aggr4.3,40414.26,lane_entry_C,lane_exit_E,40537.9,14.43,car_aggr4
r_alt_and_1_10_car_aggr2.4,40839.9,lane_entry_C,lane_exit_E,40987.48,12.63,car_aggr2
r_alt_and_1_10_car_aggr4.4,40843.49,lane_entry_C,lane_exit_E,40991.23,12.48,car_aggr4
r_alt_and_1_10_car_aggr3.5,40934.35,lane_entry_C,lane_exit_E,41045.85,15.7,car_aggr3
r_alt_and_1_10_car_aggr4.5,41373.29,lane_entry_C,lane_exit_E,41515.11,12.53,car_aggr4
r_alt_and_1_10_car_aggr4.6,41376.99,lane_entry_C,lane_exit_E,41519.69,14.72,car_aggr4
r_alt_and_1_10_car_aggr3.6,41381.46,lane_entry_C,lane_exit_E,41524.5,15.08,car_aggr3
r_alt_and_1_11_car_aggr3.0,41385.62,lane_entry_C,lane_exit_E,41528.95,15.34,car_aggr3
r_alt_and_1_11_car_aggr1.0,41863.72,lane_entry_C,lane_exit_E,41999.39,13.04,car_aggr1
r_alt_and_1_11_big_truck.0,41987.29,lane_entry_C,lane_exit_E,42133.78,11.71,big_truck
r_alt_and_1_11_big_truck.1,42101.05,lane_entry_C,lane_exit_E,42246.43,13.14,big_truck
r_alt_and_1_11_car_aggr3.1,42105.78,lane_entry_C,lane_exit_E,42250.77,13.44,car_aggr3
r_alt_and_1_11_car_aggr3.2,42110.08,lane_entry_C,lane_exit_E,42255.02,12.1,car_aggr3
r_alt_and_1_11_car_aggr2.0,42345.36,lane_entry_C,lane_exit_E,42491.36,12.39,car_aggr2
r_alt_and_1_11_small_truck.0,42348.9,lane_entry_C,lane_exit_E,42495.13,12.31,small_truck
r_alt_and_1_11_car_aggr3.3,42353.13,lane_entry_C,lane_exit_E,42499.56,11.77,car_aggr3
r_alt_and_1_11_car_aggr4.0,42356.77,lane_entry_C,lane_exit_E,42503.44,12.29,car_aggr4
r_alt_and_1_11_car_aggr3.4,42361.26,lane_entry_C,lane_exit_E,42509.46,14.34,car_aggr3
r_alt_and_1_11_car_aggr3.5,43083.2,lane_entry_C,lane_exit_E,43224.9,12.41,car_aggr3
r_alt_and_1_11_car_aggr4.1,43087.02,lane_entry_C,lane_exit_E,43237.84,11.77,car_aggr4
r_alt_and_1_11_car_aggr4.2,43090.67,lane_entry_C,lane_exit_E,43241.69,11.25,car_aggr4
r_alt_and_1_11_car_aggr5.0,43093.83,lane_entry_C,lane_exit_E,43244.96,12.71,car_aggr5
r_alt_and_1_11_car_aggr3.6,43457.12,lane_entry_C,lane_exit_E,43594.59,13.75,car_aggr3
r_alt_and_1_11_car_aggr5.1,43460.28,lane_entry_C,lane_exit_E,43597.87,13.56,car_aggr5
r_alt_and_1_11_car_aggr4.3,43465.2,lane_entry_C,lane_exit_E,43601.91,14.3,car_aggr4
r_alt_and_1_11_car_aggr4.4,43489.05,lane_entry_C,lane_exit_E,43605.63,14.26,car_aggr4
r_alt_and_1_11_motorbike.0,44172.58,lane_entry_C,lane_exit_E,44295.4,14.95,motorbike
r_alt_and_1_11_car_aggr2.1,44261.49,lane_entry_C,lane_exit_E,44384.45,12.99,car_aggr2
r_alt_and_1_11_car_aggr4.5,44704.11,lane_entry_C,lane_exit_E,44840.54,13.0,car_aggr4
r_alt_and_1_11_car_aggr3.7,44728.74,lane_entry_C,lane_exit_E,44867.16,12.89,car_aggr3
r_alt_and_1_11_big_truck.2,44825.48,lane_entry_C,lane_exit_E,44969.08,12.11,big_truck
r_alt_and_1_11_big_truck.3,44968.68,lane_entry_C,lane_exit_E,45114.51,11.74,big_truck
r_alt_and_1_11_car_aggr2.2,45007.42,lane_entry_C,lane_exit_E,45135.07,13.99,car_aggr2
r_alt_and_1_11_car_aggr3.8,45022.62,lane_entry_C,lane_exit_E,45144.99,14.36,car_aggr3
r_alt_and_1_11_car_aggr4.6,45049.85,lane_entry_C,lane_exit_E,45175.25,14.51,car_aggr4
r_alt_and_1_11_small_truck.1,45259.97,lane_entry_C,lane_exit_E,45394.23,13.34,small_truck
r_alt_and_1_12_car_aggr4.0,45352.02,lane_entry_C,lane_exit_E,45465.93,8.85,car_aggr4
r_alt_and_1_12_car_aggr2.0,46330.14,lane_entry_C,lane_exit_E,46448.77,15.04,car_aggr2
r_alt_and_1_12_car_aggr4.1,46333.7,lane_entry_C,lane_exit_E,46452.44,15.51,car_aggr4
r_alt_and_1_12_car_aggr3.0,46338.08,lane_entry_C,lane_exit_E,46457.18,8.26,car_aggr3
r_alt_and_1_12_small_truck.0,47224.92,lane_entry_C,lane_exit_E,47347.96,15.01,small_truck
r_alt_and_1_12_car_aggr2.1,47545.11,lane_entry_C,lane_exit_E,47683.52,12.25,car_aggr2
r_alt_and_1_12_car_aggr3.1,47735.59,lane_entry_C,lane_exit_E,47866.5,12.91,car_aggr3
r_alt_and_1_12_car_aggr5.0,47738.77,lane_entry_C,lane_exit_E,47869.79,13.04,car_aggr5
r_alt_and_1_12_car_aggr2.2,47844.88,lane_entry_C,lane_exit_E,47954.58,15.85,car_aggr2
r_alt_and_1_12_car_aggr2.3,48026.69,lane_entry_C,lane_exit_E,48157.14,12.94,car_aggr2
r_alt_and_1_12_car_aggr2.4,48543.65,lane_entry_C,lane_exit_E,48669.7,14.16,car_aggr2
r_alt_and_1_12_car_aggr2.5,48739.4,lane_entry_C,lane_exit_E,48852.38,15.36,car_aggr2
r_alt_and_1_13_small_truck.0,49009.21,lane_entry_C,lane_exit_E,49134.67,14.36,small_truck
r_alt_and_1_13_big_truck.0,49756.66,lane_entry_C,lane_exit_E,49914.83,10.84,big_truck
r_alt_and_1_13_car_aggr3.0,49761.37,lane_entry_C,lane_exit_E,49919.24,10.81,car_aggr3
r_alt_and_1_13_big_truck.1,49867.72,lane_entry_C,lane_exit_E,50019.19,11.57,big_truck
r_alt_and_1_13_small_truck.1,50040.12,lane_entry_C,lane_exit_E,50175.25,12.8,small_truck
r_alt_and_1_13_car_aggr4.0,50043.82,lane_entry_C,lane_exit_E,50179.12,13.33,car_aggr4
r_alt_and_1_13_car_aggr4.1,50047.51,lane_entry_C,lane_exit_E,50182.95,13.33,car_aggr4
r_alt_and_1_13_car_aggr3.1,50490.91,lane_entry_C,lane_exit_E,50619.07,13.44,car_aggr3
r_alt_and_1_13_car_aggr4.2,50880.5,lane_entry_C,lane_exit_E,50988.69,16.19,car_aggr4
r_alt_and_1_13_car_aggr4.3,51222.44,lane_entry_C,lane_exit_E,51340.32,14.27,car_aggr4
r_alt_and_1_13_car_aggr3.2,51630.75,lane_entry_C,lane_exit_E,51752.32,14.27,car_aggr3
r_alt_and_1_13_car_aggr3.3,51854.38,lane_entry_C,lane_exit_E,51971.72,15.39,car_aggr3
r_alt_and_1_13_car_aggr3.4,51858.42,lane_entry_C,lane_exit_E,51976.05,14.71,car_aggr3
r_alt_and_1_13_car_aggr5.0,52351.55,lane_entry_C,lane_exit_E,52468.27,15.43,car_aggr5
r_alt_and_1_14_car_aggr5.0,52354.56,lane_entry_C,lane_exit_E,52471.39,14.46,car_aggr5
r_alt_and_1_14_car_aggr4.0,52358.59,lane_entry_C,lane_exit_E,52475.45,14.37,car_aggr4
r_alt_and_1_14_car_aggr1.0,52884.85,lane_entry_C,lane_exit_E,53003.07,14.6,car_aggr1
r_alt_and_1_14_small_truck.0,53054.56,lane_entry_C,lane_exit_E,53189.88,13.03,small_truck
r_alt_and_1_14_car_aggr4.1,53083.86,lane_entry_C,lane_exit_E,53211.24,13.24,car_aggr4
r_alt_and_1_14_car_aggr2.0,53442.09,lane_entry_C,lane_exit_E,53595.01,11.89,car_aggr2
r_alt_and_1_14_small_truck.1,53445.53,lane_entry_C,lane_exit_E,53598.98,8.94,small_truck
r_alt_and_1_14_car_aggr4.2,53449.4,lane_entry_C,lane_exit_E,53605.01,5.08,car_aggr4
r_alt_and_1_14_car_aggr1.1,54026.15,lane_entry_C,lane_exit_E,54177.95,11.67,car_aggr1
r_alt_and_1_14_car_aggr3.0,54030.37,lane_entry_C,lane_exit_E,54182.52,11.48,car_aggr3
r_alt_and_1_14_small_truck.2,54034.28,lane_entry_C,lane_exit_E,54186.55,11.95,small_truck
r_alt_and_1_14_car_aggr5.1,54037.56,lane_entry_C,lane_exit_E,54189.96,11.67,car_aggr5
r_alt_and_1_14_motorbike.0,54041.45,lane_entry_C,lane_exit_E,54193.56,11.69,motorbike
r_alt_and_1_14_big_truck.0,54500.56,lane_entry_C,lane_exit_E,54651.12,11.44,big_truck
r_alt_and_1_14_car_aggr2.1,54506.2,lane_entry_C,lane_exit_E,54656.58,11.76,car_aggr2
r_alt_and_1_14_car_aggr3.1,54510.5,lane_entry_C,lane_exit_E,54661.94,13.95,car_aggr3
r_alt_and_1_14_car_aggr2.2,55080.35,lane_entry_C,lane_exit_E,55224.11,12.68,car_aggr2
r_alt_and_1_14_car_aggr2.3,55085.64,lane_entry_C,lane_exit_E,55229.57,12.72,car_aggr2
r_alt_and_1_14_car_aggr4.3,55089.36,lane_entry_C,lane_exit_E,55233.4,12.15,car_aggr4
r_alt_and_1_14_car_aggr4.4,55093.07,lane_entry_C,lane_exit_E,55237.39,12.04,car_aggr4
r_alt_and_1_14_car_aggr4.5,55096.72,lane_entry_C,lane_exit_E,55241.27,11.79,car_aggr4
r_alt_and_1_14_car_aggr5.2,55345.24,lane_entry_C,lane_exit_E,55443.85,18.24,car_aggr5
r_alt_and_1_14_small_truck.3,55430.48,lane_entry_C,lane_exit_E,55565.4,13.39,small_truck
r_alt_and_1_14_car_aggr5.3,55433.68,lane_entry_C,lane_exit_E,55568.57,12.66,car_aggr5
r_alt_and_1_14_big_truck.1,55692.08,lane_entry_C,lane_exit_E,55839.53,12.08,big_truck
r_alt_and_1_14_big_truck.2,55696.65,lane_entry_C,lane_exit_E,55844.44,11.93,big_truck
r_alt_and_1_14_car_aggr5.4,55700.27,lane_entry_C,lane_exit_E,55847.76,11.66,car_aggr5
r_alt_and_1_14_car_aggr3.2,55815.2,lane_entry_C,lane_exit_E,55957.48,11.79,car_aggr3
r_alt_and_1_14_car_aggr3.3,55819.43,lane_entry_C,lane_exit_E,55961.92,11.79,car_aggr3
r_alt_and_1_14_car_aggr1.2,55826.22,lane_entry_C,lane_exit_E,55969.13,12.2,car_aggr1
r_alt_and_1_15_car_aggr1.0,56230.11,lane_entry_C,lane_exit_E,56351.12,14.69,car_aggr1
r_alt_and_1_15_car_aggr3.0,56234.25,lane_entry_C,lane_exit_E,56355.4,15.36,car_aggr3
r_alt_and_1_15_car_aggr3.1,56311.11,lane_entry_C,lane_exit_E,56413.75,17.57,car_aggr3
r_alt_and_1_15_small_truck.0,56741.54,lane_entry_C,lane_exit_E,56864.34,13.82,small_truck
r_alt_and_1_15_small_truck.1,56811.3,lane_entry_C,lane_exit_E,56936.86,14.23,small_truck
r_alt_and_1_15_big_truck.0,57236.74,lane_entry_C,lane_exit_E,57389.01,11.25,big_truck
r_alt_and_1_15_small_truck.2,57240.67,lane_entry_C,lane_exit_E,57393.0,11.67,small_truck
r_alt_and_1_15_car_aggr2.0,57494.41,lane_entry_C,lane_exit_E,57622.43,14.1,car_aggr2
r_alt_and_1_15_car_aggr4.0,57548.26,lane_entry_C,lane_exit_E,57700.95,11.9,car_aggr4
r_alt_and_1_15_big_truck.1,57590.48,lane_entry_C,lane_exit_E,57738.74,11.66,big_truck
r_alt_and_1_15_car_aggr3.2,57595.11,lane_entry_C,lane_exit_E,57743.06,11.41,car_aggr3
r_alt_and_1_15_car_aggr4.1,57598.79,lane_entry_C,lane_exit_E,57747.05,12.27,car_aggr4
r_alt_and_1_15_car_aggr5.0,57601.9,lane_entry_C,lane_exit_E,57750.24,11.91,car_aggr5
r_alt_and_1_15_car_aggr4.2,57605.95,lane_entry_C,lane_exit_E,57754.41,12.15,car_aggr4
r_alt_and_1_15_car_aggr4.3,57646.97,lane_entry_C,lane_exit_E,57784.28,12.07,car_aggr4
r_alt_and_1_15_car_aggr1.1,58862.41,lane_entry_C,lane_exit_E,59013.05,11.96,car_aggr1
r_alt_and_1_15_car_aggr2.1,59145.96,lane_entry_C,lane_exit_E,59261.77,15.65,car_aggr2
r_alt_and_1_15_motorbike.0,59789.23,lane_entry_C,lane_exit_E,59908.34,13.99,motorbike
r_alt_and_1_15_car_aggr4.4,59792.85,lane_entry_C,lane_exit_E,59912.3,15.42,car_aggr4
r_alt_and_1_16_small_truck.0,60089.08,lane_entry_C,lane_exit_E,60252.26,11.43,small_truck
r_alt_and_1_16_car_aggr2.0,60094.42,lane_entry_C,lane_exit_E,60257.85,10.53,car_aggr2
r_alt_and_1_16_car_aggr1.0,60100.88,lane_entry_C,lane_exit_E,60264.29,11.18,car_aggr1
r_alt_and_1_16_car_aggr2.1,60106.23,lane_entry_C,lane_exit_E,60269.67,10.4,car_aggr2
r_alt_and_1_16_car_aggr4.0,60229.27,lane_entry_C,lane_exit_E,60357.87,11.62,car_aggr4
r_alt_and_1_16_car_aggr3.0,60233.72,lane_entry_C,lane_exit_E,60364.34,7.92,car_aggr3
r_alt_and_1_16_car_aggr2.2,60299.59,lane_entry_C,lane_exit_E,60422.38,15.24,car_aggr2
r_alt_and_1_16_car_aggr4.1,60303.14,lane_entry_C,lane_exit_E,60426.14,14.36,car_aggr4
r_alt_and_1_16_car_aggr5.0,60545.86,lane_entry_C,lane_exit_E,60668.18,14.66,car_aggr5
r_alt_and_1_16_small_truck.1,60920.75,lane_entry_C,lane_exit_E,61061.25,12.83,small_truck
r_alt_and_1_16_car_aggr1.1,60930.24,lane_entry_C,lane_exit_E,61068.91,5.81,car_aggr1
r_alt_and_1_16_big_truck.0,61321.23,lane_entry_C,lane_exit_E,61470.7,11.57,big_truck
r_alt_and_1_16_car_aggr2.3,61326.89,lane_entry_C,lane_exit_E,61476.18,12.06,car_aggr2
r_alt_and_1_16_small_truck.2,61346.18,lane_entry_C,lane_exit_E,61484.62,12.71,small_truck
r_alt_and_1_16_car_aggr5.1,61349.39,lane_entry_C,lane_exit_E,61487.88,13.48,car_aggr5
r_alt_and_1_16_car_aggr3.1,61415.29,lane_entry_C,lane_exit_E,61538.22,14.12,car_aggr3
r_alt_and_1_16_car_aggr1.2,61685.44,lane_entry_C,lane_exit_E,61819.13,11.1,car_aggr1
r_alt_and_1_16_car_aggr3.2,61689.52,lane_entry_C,lane_exit_E,61823.58,13.07,car_aggr3
r_alt_and_1_16_motorbike.0,61693.14,lane_entry_C,lane_exit_E,61827.26,13.98,motorbike
r_alt_and_1_16_big_truck.1,62179.22,lane_entry_C,lane_exit_E,62328.36,11.93,big_truck
r_alt_and_1_16_car_aggr1.3,62185.65,lane_entry_C,lane_exit_E,62334.42,11.53,car_aggr1
r_alt_and_1_16_car_aggr4.2,62189.22,lane_entry_C,lane_exit_E,62338.33,12.17,car_aggr4
r_alt_and_1_16_car_aggr4.3,62338.83,lane_entry_C,lane_exit_E,62449.81,16.08,car_aggr4
r_alt_and_1_16_car_aggr5.2,62341.89,lane_entry_C,lane_exit_E,62453.07,9.05,car_aggr5
r_alt_and_1_16_small_truck.3,62626.58,lane_entry_C,lane_exit_E,62765.94,12.71,small_truck
r_alt_and_1_16_car_aggr2.4,62819.89,lane_entry_C,lane_exit_E,62942.55,14.59,car_aggr2
r_alt_and_1_16_car_aggr2.5,62909.22,lane_entry_C,lane_exit_E,63033.06,14.96,car_aggr2
r_alt_and_1_16_car_aggr3.3,62942.99,lane_entry_C,lane_exit_E,63053.31,15.6,car_aggr3
r_alt_and_1_16_car_aggr3.4,63099.02,lane_entry_C,lane_exit_E,63216.08,14.48,car_aggr3
r_alt_and_1_16_car_aggr1.4,63348.99,lane_entry_C,lane_exit_E,63493.12,12.01,car_aggr1
r_alt_and_1_16_car_aggr3.5,63353.17,lane_entry_C,lane_exit_E,63497.52,12.56,car_aggr3
r_alt_and_1_16_car_aggr3.6,63357.37,lane_entry_C,lane_exit_E,63502.0,12.27,car_aggr3
r_alt_and_1_16_car_aggr3.7,63510.45,lane_entry_C,lane_exit_E,63658.38,11.36,car_aggr3
r_alt_and_1_17_car_aggr2.0,63595.94,lane_entry_C,lane_exit_E,63745.82,10.89,car_aggr2
r_alt_and_1_17_motorbike.0,63599.75,lane_entry_C,lane_exit_E,63749.91,12.74,motorbike
r_alt_and_1_17_car_aggr2.1,63605.64,lane_entry_C,lane_exit_E,63756.4,13.16,car_aggr2
r_alt_and_1_17_small_truck.0,63733.19,lane_entry_C,lane_exit_E,63879.62,12.06,small_truck
r_alt_and_1_17_car_aggr3.0,63737.49,lane_entry_C,lane_exit_E,63884.04,11.51,car_aggr3
r_alt_and_1_17_car_aggr3.1,63741.66,lane_entry_C,lane_exit_E,63888.41,12.28,car_aggr3
r_alt_and_1_17_car_aggr3.2,63746.0,lane_entry_C,lane_exit_E,63892.85,11.7,car_aggr3
r_alt_and_1_17_car_aggr5.0,63749.17,lane_entry_C,lane_exit_E,63896.18,12.63,car_aggr5
r_alt_and_1_17_car_aggr5.1,63752.34,lane_entry_C,lane_exit_E,63899.47,11.68,car_aggr5
r_alt_and_1_17_car_aggr1.0,64216.67,lane_entry_C,lane_exit_E,64367.07,12.0,car_aggr1
r_alt_and_1_17_car_aggr3.3,64220.94,lane_entry_C,lane_exit_E,64371.42,12.38,car_aggr3
r_alt_and_1_17_car_aggr3.4,64225.12,lane_entry_C,lane_exit_E,64375.91,11.93,car_aggr3
r_alt_and_1_17_car_aggr1.1,64231.89,lane_entry_C,lane_exit_E,64387.76,13.02,car_aggr1
r_alt_and_1_17_big_truck.0,64333.91,lane_entry_C,lane_exit_E,64477.3,12.35,big_truck
r_alt_and_1_17_car_aggr4.0,64619.1,lane_entry_C,lane_exit_E,64723.53,16.81,car_aggr4
r_alt_and_1_17_small_truck.1,64783.36,lane_entry_C,lane_exit_E,64905.77,14.55,small_truck
r_alt_and_1_17_car_aggr2.2,64788.55,lane_entry_C,lane_exit_E,64911.05,14.72,car_aggr2
r_alt_and_1_17_car_aggr4.1,64807.01,lane_entry_C,lane_exit_E,64934.1,13.09,car_aggr4
r_alt_and_1_17_car_aggr4.2,64810.61,lane_entry_C,lane_exit_E,64937.98,13.39,car_aggr4
r_alt_and_1_17_car_aggr1.2,65629.38,lane_entry_C,lane_exit_E,65783.34,11.57,car_aggr1
r_alt_and_1_17_car_aggr2.3,65834.34,lane_entry_C,lane_exit_E,65987.56,6.24,car_aggr2
r_alt_and_1_17_car_aggr2.4,65839.6,lane_entry_C,lane_exit_E,65994.3,8.42,car_aggr2
r_alt_and_1_17_car_aggr4.3,65843.34,lane_entry_C,lane_exit_E,65998.38,10.67,car_aggr4
r_alt_and_1_17_big_truck.1,65958.68,lane_entry_C,lane_exit_E,66107.87,12.08,big_truck
r_alt_and_1_17_big_truck.2,66520.1,lane_entry_C,lane_exit_E,66678.99,11.0,big_truck
r_alt_and_1_17_small_truck.2,66524.1,lane_entry_C,lane_exit_E,66682.94,10.51,small_truck
r_alt_and_1_17_car_aggr3.5,66528.45,lane_entry_C,lane_exit_E,66687.53,11.05,car_aggr3
r_alt_and_1_17_car_aggr3.6,66756.33,lane_entry_C,lane_exit_E,66868.44,15.18,car_aggr3
r_alt_and_1_17_motorbike.1,66938.09,lane_entry_C,lane_exit_E,67046.42,17.24,motorbike
r_alt_and_1_18_car_aggr3.0,66976.09,lane_entry_C,lane_exit_E,67099.87,14.66,car_aggr3
r_alt_and_1_18_car_aggr4.0,66979.81,lane_entry_C,lane_exit_E,67103.65,14.54,car_aggr4
r_alt_and_1_18_car_aggr4.1,66983.35,lane_entry_C,lane_exit_E,67107.35,13.76,car_aggr4
r_alt_and_1_18_car_aggr3.1,67108.48,lane_entry_C,lane_exit_E,67235.04,14.03,car_aggr3
r_alt_and_1_18_car_aggr3.2,67682.15,lane_entry_C,lane_exit_E,67833.63,11.9,car_aggr3
r_alt_and_1_18_car_aggr4.2,67685.79,lane_entry_C,lane_exit_E,67837.58,11.47,car_aggr4
r_alt_and_1_18_small_truck.0,67689.96,lane_entry_C,lane_exit_E,67841.85,11.1,small_truck
r_alt_and_1_18_big_truck.0,67847.08,lane_entry_C,lane_exit_E,67995.47,11.69,big_truck
r_alt_and_1_18_car_aggr2.0,67852.83,lane_entry_C,lane_exit_E,68001.26,6.29,car_aggr2
r_alt_and_1_18_car_aggr3.3,67857.02,lane_entry_C,lane_exit_E,68007.65,6.84,car_aggr3
r_alt_and_1_18_car_aggr4.3,67957.28,lane_entry_C,lane_exit_E,68083.38,14.28,car_aggr4
r_alt_and_1_18_car_aggr3.4,68651.5,lane_entry_C,lane_exit_E,68792.09,15.28,car_aggr3
r_alt_and_1_18_car_aggr3.5,68655.74,lane_entry_C,lane_exit_E,68796.27,15.27,car_aggr3
r_alt_and_1_18_small_truck.1,68659.7,lane_entry_C,lane_exit_E,68807.48,12.53,small_truck
r_alt_and_1_18_motorbike.0,68696.77,lane_entry_C,lane_exit_E,68812.4,15.48,motorbike
r_alt_and_1_18_car_aggr2.1,69326.24,lane_entry_C,lane_exit_E,69461.14,12.77,car_aggr2
r_alt_and_1_18_car_aggr3.6,69515.58,lane_entry_C,lane_exit_E,69631.74,8.39,car_aggr3
r_alt_and_1_18_car_aggr2.2,69864.87,lane_entry_C,lane_exit_E,70001.03,12.28,car_aggr2
r_alt_and_1_18_car_aggr5.0,70170.52,lane_entry_C,lane_exit_E,70330.52,11.95,car_aggr5
r_alt_and_1_18_car_aggr5.1,70173.68,lane_entry_C,lane_exit_E,70333.83,12.1,car_aggr5
r_alt_and_1_18_car_aggr2.3,70179.91,lane_entry_C,lane_exit_E,70339.94,12.04,car_aggr2
r_alt_and_1_18_car_aggr3.7,70184.08,lane_entry_C,lane_exit_E,70344.44,11.11,car_aggr3
r_alt_and_1_18_car_aggr2.4,70876.44,lane_entry_C,lane_exit_E,71034.38,11.14,car_aggr2
r_alt_and_1_18_car_aggr3.8,70880.77,lane_entry_C,lane_exit_E,71039.0,11.73,car_aggr3
r_alt_and_1_18_car_aggr2.5,70886.42,lane_entry_C,lane_exit_E,71044.99,11.24,car_aggr2
r_alt_and_1_18_car_aggr4.4,70890.22,lane_entry_C,lane_exit_E,71049.07,11.37,car_aggr4
r_alt_and_1_21_car_aggr2.0,79135.97,lane_entry_C,lane_exit_E,79283.6,12.29,car_aggr2
r_alt_and_1_21_car_aggr1.0,79142.43,lane_entry_C,lane_exit_E,79290.14,11.83,car_aggr1
r_alt_and_1_21_car_aggr3.0,79146.67,lane_entry_C,lane_exit_E,79294.55,11.52,car_aggr3
r_alt_and_1_21_small_truck.0,79150.49,lane_entry_C,lane_exit_E,79298.64,11.36,small_truck
r_alt_and_1_21_car_aggr4.0,79154.26,lane_entry_C,lane_exit_E,79302.62,9.73,car_aggr4
r_alt_and_1_21_car_aggr3.1,79316.09,lane_entry_C,lane_exit_E,79450.78,13.51,car_aggr3
r_alt_and_1_21_car_aggr4.1,79319.73,lane_entry_C,lane_exit_E,79454.66,12.75,car_aggr4
r_alt_and_1_21_car_aggr4.2,79452.11,lane_entry_C,lane_exit_E,79596.71,13.33,car_aggr4
r_alt_and_1_21_car_aggr2.1,79669.37,lane_entry_C,lane_exit_E,79793.45,13.85,car_aggr2
r_alt_and_1_21_car_aggr3.2,80045.32,lane_entry_C,lane_exit_E,80179.52,13.64,car_aggr3
r_alt_and_1_21_car_aggr4.3,81005.34,lane_entry_C,lane_exit_E,81187.56,10.07,car_aggr4
r_alt_and_1_21_car_aggr2.2,81011.4,lane_entry_C,lane_exit_E,81193.6,9.12,car_aggr2
r_alt_and_1_21_car_aggr5.0,81014.68,lane_entry_C,lane_exit_E,81197.0,9.82,car_aggr5
r_alt_and_1_21_small_truck.1,81019.05,lane_entry_C,lane_exit_E,81201.59,8.65,small_truck
r_alt_and_1_21_big_truck.0,81023.81,lane_entry_C,lane_exit_E,81207.16,8.95,big_truck
r_alt_and_1_21_car_aggr3.3,81028.74,lane_entry_C,lane_exit_E,81211.77,9.7,car_aggr3
r_alt_and_1_21_small_truck.2,81032.64,lane_entry_C,lane_exit_E,81215.92,9.74,small_truck
r_alt_and_1_21_car_aggr2.3,81038.17,lane_entry_C,lane_exit_E,81221.37,9.92,car_aggr2
r_alt_and_1_21_small_truck.3,81041.78,lane_entry_C,lane_exit_E,81225.18,10.57,small_truck
r_alt_and_1_22_car_aggr5.0,81165.22,lane_entry_C,lane_exit_E,81289.7,13.87,car_aggr5
r_alt_and_1_22_car_aggr1.0,81672.31,lane_entry_C,lane_exit_E,81828.93,11.43,car_aggr1
r_alt_and_1_22_small_truck.0,81675.85,lane_entry_C,lane_exit_E,81832.78,11.56,small_truck
r_alt_and_1_22_car_aggr3.0,81680.13,lane_entry_C,lane_exit_E,81837.26,10.95,car_aggr3
r_alt_and_1_22_car_aggr4.0,81790.73,lane_entry_C,lane_exit_E,81886.35,18.53,car_aggr4
r_alt_and_1_22_car_aggr4.1,82363.53,lane_entry_C,lane_exit_E,82474.19,15.65,car_aggr4
r_alt_and_1_22_car_aggr4.2,83293.52,lane_entry_C,lane_exit_E,83431.96,12.13,car_aggr4
r_alt_and_1_22_motorbike.0,83434.87,lane_entry_C,lane_exit_E,83565.36,12.64,motorbike
r_alt_and_1_22_car_aggr2.0,83440.93,lane_entry_C,lane_exit_E,83571.51,13.46,car_aggr2
r_alt_and_1_22_car_aggr4.3,84542.15,lane_entry_C,lane_exit_E,84674.45,13.68,car_aggr4
